sequence,label
UUUGGAAAGA,1
GUCGUGAGAC,1
ACCGGAAGGU,1
UGUGAAAGCA,1
GCCUACGGGC,0
AGGUCAACCU,0
CCCUUCGGGG,0
AUAGCAAUGU,1
GCCGAAAGGC,1
GAGGUAACGA,0
GCCGCGAGGC,1
CCCCUUGGGG,0
AGCAGCCGCG,1
UACGAGAGGA,0
CAUGCCAAUG,0
AACUUCGGGA,0
UACGAGAGGA,0
CCCUCCAGGG,0
GGCGAAGGCA,1
CCCUCCAGGG,0
AGGGGAACCU,1
CAAACGGUAA,0
GAAAAGAUAU,0
GGGGGAACCC,0
GGAGUAAUCC,1
UGCAAGAGCA,0
UACGAGAGGA,0
GGUUAAGUCC,0
CCCGGGAGGG,1
GCCUGCAAGC,1
AGGUCAACCU,0
GACGAAAGUC,1
GCGUAAUAGC,0
UCCUACGGGA,0
UACGAGAGGA,0
GGGUGAGACC,0
GAAAAGAUAU,0
AACUUCGGGA,0
GGUUAAGUCC,0
AGCUAACGCG,1
CGGUGGCUCA,0
CUCGUAAGAG,1
UUUAUUAAAA,0
CCCUCCAGGG,0
UCCUACGGGA,0
UAAAAGGUAA,0
ACCGUGAGGG,1
UUCGAGAGAG,0
GGGUGAGACC,0
GCCGAAAGGC,1
GGGGAAACUC,1
UAUUUAGGUA,0
GCCGCAAGGU,1
UACGAGAGGA,0
UUUAUUAAAA,0
GGGAUCACCA,0
CCGGCAACGG,1
GUCUAGCGAC,1
UAUUUAGGUA,0
CGCGAAAGCG,1
CCCUUCGGGG,0
GGCGAAAGCC,1
CGUACCAACG,0
UCCGGGAGGA,1
AGCAGCCGCG,1
GGGGAAACUU,1
CUCGUAAGAG,1
GGCGAGAGCU,1
UGCAAGAGCA,0
GUCGCAAGAC,1
AGCAGCCGCG,1
AACUUCGGGA,0
ACCGGAAGGU,1
GCCGUGAGGU,1
AUCUAAGGAA,0
AACUUCGGGA,0
ACUGACACGU,1
GGUGCAAGCC,1
UCUGAGAGGA,1
UAUUGAGGUA,0
GGGGGAACCC,0
CCCGCGAGGG,1
AGGGAAACCG,1
UAUUUAGGUA,0
GACGUAAGUC,1
AGGUGAACCU,1
AGGGAAACCG,1
GACUUCGGUC,0
GGUUAAGUCC,0
GGGGAAACCC,0
GGUGAAAGCC,1
GACGCGAGUC,1
CGUGACGGCG,1
ACUUUAGGGU,0
GGCGUGAGCC,1
UGAAACAUCU,0
GGGGGAACCC,0
AAUAACUAUG,0
AACUUCGGGA,0
UAAAAGGUAA,0
GCUUUAGGGC,0
CCCGGAAGGG,1
GGUUAAGUCC,0
UCUGAGAGGA,1
GGCGCGGGCC,1
GUCGUGAGAC,1
CCUGUAGGGG,1
GCCGAAAGGC,1
UCUGAGAGGA,1
AACUUCGGGA,0
GUCGUGAGAC,1
GGCGAAAGCC,1
GCCGCGAGGC,1
GCUGUGAGGC,1
AGCUAACGCG,1
CUCGUAAGAG,1
UGCGAAAGCA,1
GUCGUGAGAC,1
GCCUACGGGC,0
GUCGUGAGAC,1
AACUUCGGGA,0
GGCGAAGGCA,1
CCCGGGAGGG,1
CUCGUAAGAG,1
AGCUAACGCG,1
CCCUCACGGG,1
GGCGAAAGCC,1
UACGAGAGGA,0
CCCGGGAGGG,1
GGGUAACACU,0
UCUGAGAGGA,1
AGGAUCACCC,0
UUAAGCAUAU,0
AGCAGCCGCG,1
GCCGCAAGGC,1
GACGCGAGUC,1
AACUUCGGGA,0
CUCGGAUGGG,0
ACCUACAAGU,1
CCCUCCAGGG,0
GGCGAAGGCG,1
CUCGGAUGGG,0
GCCGUGAGGU,1
CCCCUUGGGG,0
UACGAGAGGA,0
UACGAGAGGA,0
GGGGAAACUC,1
UAAAAGAUAA,0
UGAAACAUCU,0
ACCGGAAGGU,1
CUCGUAAGAG,1
CCCUCCAGGG,0
ACCGGAAGGU,1
GGGGAAACUC,1
AGCAGCCGCG,1
ACCGGAAGGU,1
GGUUAAGUCC,0
UCCUACGGGA,0
GCCGAAAGGC,1
AGGGAAACCG,1
ACCAACCGGG,0
CUGGAAACAG,1
AUAGCAAUGU,1
GGGUGAGACC,0
AACUUCGGGA,0
GUCGUGAGAC,1
GGCGAAGGCA,1
UAUUUAGGUA,0
CUCGGAUGGG,0
GGUGCAAGCC,1
GCGGGAACGC,0
AGAGAAUUCG,0
CCCGCGAGGG,1
AGCAGCCGCG,1
ACCGGAAGGU,1
ACCUUCGGGA,0
GCCGCGAGGC,1
GCAGCGAUGC,1
CCCUCACGGG,1
UAAAAGGUAA,0
CUCGGAUGGG,0
CCCGGGAGGG,1
CCCUUCGGGG,0
GUCGUGAGAC,1
CCACAACUGG,1
UCUGAGAGGA,1
CGCGAAAGCG,1
UCCUACGGGA,0
CCCCUUGGGG,0
UGCAAGAGCA,0
CGUACCAACG,0
UAAAAGGUAA,0
GCCGAAAGGC,1
GAAAAGAUAU,0
UCUGAGAGGA,1
UAUCACGGUA,0
ACCUUCGGAA,0
GCGUAAUAGC,0
CAUCCCGAAC,0
AGAGAAUUCG,0
UCAGAGAUGA,1
GGUUAAUUCC,0
UGAAACAUCU,0
UCCGCAAGGA,1
UCUGAGAGGA,1
CUCGCGAGAG,1
UCCUACGGGA,0
CCCUUCGGGG,0
GCGGGAACGC,0
GCGUAAUAGC,0
UCCUACGGGA,0
UUAAGCAUAU,0
GCCUACGGGC,0
GGCGAAGGCA,1
GGCGCAAGCC,1
GCCUGCAAGC,1
UACGAGAGGA,0
GCCGUGAGGU,1
UGCAAGAGCA,0
UGCAAGAGCA,0
GUCGUGAGAC,0
CUCGUAAGAG,1
UACGAGAGGA,0
CUCGGAUGGG,0
UUUACCAAAA,0
AACUUCGGGA,0
CGGUGAAAUG,0
AGCGAAAGCA,1
CGGUGAAAUG,0
AUAGCAAUGU,1
CUCGGAUGGG,0
GCGGUAACGC,1
CCCUUCGGGG,0
ACCGUGAGGG,1
UUUACCAAAA,0
GCCGAAAGGC,0
UUGGAAACGA,1
GCCGAAAGGC,1
GGUUAAGUCC,0
UACGAGAGGA,0
GUGGAAACAU,1
GCCGAAAGGC,1
UAAAGAGUAA,0
AGCAGCCGCG,1
UGAAACAUCU,0
UUUACCAAAA,0
CCCGGGAGGG,1
AGGGAAACCG,1
GGGGAAACUC,1
GGCGAAGGCA,1
CAAUAACUUG,1
AUGGUGACAU,1
GGCGAAGGCA,1
GUGGCGACAU,1
ACCGUAAGGG,1
ACUUUAGGGU,0
GCCGUGAGGU,1
CCCCUUGGGG,0
ACCGGAAGGA,1
GGGGAAACCC,0
AGCUAACGCG,1
GAAAAGAUAU,0
GGGGAAACCC,0
GCUGUGAGGC,1
UACGAGAGGA,0
UUCGAGAGAG,0
CGGUGAAAUG,0
GGCGAAGGCA,1
GGGGAAACUC,1
GUUGUGAAAU,1
GGUGCAAGCC,1
GGCGAGCGCC,1
UGAAACAUCU,0
GGGGAAACUC,1
GCCUACGGGC,0
UCUGAGAGGA,1
UACGAGAGGA,0
AGGGAAACCG,1
CCCUCACGGG,1
ACCGUGAGGG,1
AGAGAAAUCG,0
CGGUGAAAUG,0
CGGUGAAAUG,0
GCCGCAAGGC,1
CUCGCGAGAG,1
UUUACCAAAA,0
AGGGAAACCG,1
UCCUACGGGA,0
GGCGAAGGCG,1
ACCGGAAGGU,1
GGUGCAAGCU,1
GGGUGAGACC,0
CGUGCCAACG,0
CCCGGGAGGG,1
ACCGGAAGGU,1
CCCUUCGGGG,0
GCGGUAACGC,1
CUCGAAAGAG,1
UAUUUAGGUA,0
GCCGCGAGGC,1
GUCGUGAGAC,1
GCCUCCGGGU,0
GCCGAAAGGC,1
AGCUAACGCG,1
AGGUAAACCU,0
AGCUAACGCG,1
CGUACCAACG,0
GCCGAAAGGC,1
GUCGUGAGAC,1
GGGGGAACCC,0
CCCGGGAGGG,1
GUCGUGAGAC,1
GGGGAAACCC,0
GUCGCAAGGC,1
UACGAGAGGA,0
GGGAAGCUCC,1
ACCGUGAGGG,1
AUCCAAGGAA,0
CCCGCAAGGG,1
AGGGAAACCG,1
GCCUGCAAGC,1
GCCUUCGGGU,0
AGCGCAAGCG,0
UCUAGUAACA,0
GCAGCGAUGC,1
GCCGCGAGGC,1
GUCGUGAGAC,1
CCCGCGAGGG,1
CCGGCAACGG,1
GCCGCAAGGC,1
GCCUACGGGC,0
AGAGAAAUCG,0
UACGUGAGUU,1
AUCAACCGAG,0
AGAGAAAUCG,0
AGGGAAACCG,1
UACGAGAGGA,0
UUCGCAAGAG,0
UGCAAGAGCA,0
CUCGAAAGAG,1
UACGAGAGGA,0
CCCGGGAGGG,1
UAAAAGGUAA,0
ACUGGUGAGU,0
UUCGAGAGAG,0
GAAAAGAUAU,0
UGAAACAUCU,0
CCCGCAAGGG,1
AACUUCGGGA,0
CGUGCCAACG,0
AUCAACCGAG,0
GGCGAAGGCG,1
UGCGAAAGCG,1
GGGGAAACCC,0
GGUGAAAGCC,1
GGUGCAAGCC,1
ACGGUAACGU,1
GGUGAAAGCC,1
UACGAGAGGA,0
GCAGCGAUGC,1
GCCUUCGGGA,0
GCCGCGAGGC,1
CGUGACGGCG,1
ACCUUCGGGA,0
GUCUUCGGAC,0
GUUGUGAAAU,1
GGUGCAAGCU,1
AGGGAAACCG,1
UCCUUCGGGA,0
GGCGCAAGCC,1
CUCGUAAGAG,1
CGAGAAAUCA,1
CCCGCAAGGG,1
GCCUACGGGC,0
UGCAAGAGCA,0
UGCAAGAGCA,0
UCCUUCGGGA,0
GCCGUGAGGU,1
AGGCUCACCC,0
GCCGCAAGGC,1
GAGGUAACGA,0
GUGGCGACAU,1
GCCGCGAGGC,1
GAGGAAACUC,1
UUUACCAAAA,0
UCCUACGGGA,0
GCUGUGAGGC,1
GCUGAGGAGC,0
UAAAGAGUAA,0
GCCGCAAGGC,1
AGAGAAAUCG,0
ACUUUAGGGU,0
GGUGAAAGCC,1
UACGAGAGGA,0
CCCGCAAGGG,1
ACCGGAAGGU,1
GGCGCAAGCC,1
CUCGUAAGAG,1
GCCGUGAGGU,1
GGUGCAAGCC,1
AGCUAACGCG,1
CGCGCGAGCG,1
UGCGAAAGCA,1
GCCUACGGGC,0
GACUUCGGUC,0
AGAGAAAUCG,0
CCCUCCAGGG,0
GCUGUGAGGC,1
AGAGAAAUCG,0
GGUUAAGUCC,0
AUCAACCGAG,0
CUGGAAACGG,1
GUGGUAACAU,1
GCCGAAAGGC,1
GAAGAAAUUC,1
UCCUACGGGA,0
GGCGAAGGCG,1
CCCGAGUGGG,1
ACUUUAGGGU,0
GGUUAAGUCC,0
ACCGGAAGGU,1
CCCCUUGGGG,0
UAAAGAGUAA,0
AGCAGCCGCG,1
UAAAAGGUAA,0
ACCGUGAGGG,1
UGUCAAUGCA,0
GCCUACGGGC,0
UGCAAGAGCA,0
ACUUUAGGGU,0
GCUGAAAAGU,1
AGGGAAACCG,1
CUCGGAUGGG,0
GCGGGAACGC,0
AGGUGAACCU,1
AUAUAAAUAU,1
ACCGGAAGGU,1
GGGUGAGACC,0
GAAGAAAUUC,1
GGCGAAAGCC,1
UGCGAAAGCA,1
CAUGCCAAUG,0
CCGGCAACGG,1
CUAGAAAUAG,1
GGCGAAGGCA,1
AAUAAGGGUU,0
GGUUAAGUCC,0
GCCGCGAGGC,1
AGAGAAAUCG,0
AGCAGCCGCG,1
CCCGCGAGGG,1
UCCUACGGGA,0
UUAAGCAUAU,0
UUAAGCAUAU,0
CUCGGAUGGG,0
UACGCAAGGA,0
UAAAAGGUAA,0
UAAAAGGUAA,0
GCGGAAACGU,1
GGGGAAACUC,1
GCCUACGGGC,0
GCCGAAAGGC,1
CCUGAAAAGG,1
CCCUCCAGGG,0
CUCGUAAGAG,1
UUAAGCAUAU,0
AUCGAAAGAU,1
ACCAACCGGG,0
UGAAACAUCU,0
AGGGAAACCG,1
CAUGCCAAUG,0
CGCGAAAGCG,1
UUUACCAAAA,0
AGCUAACGCG,1
ACGGUAACGU,1
CUCGUAAGAG,1
GGCGCAAGCC,1
GGUUAAGUCC,0
GCGGGAACGC,0
CCCGGGAGGG,1
AGUGUGAACG,1
GGGGGAACCC,0
AGCUAACGCG,1
GCCGCAAGGC,1
ACCGUGAGGG,1
CCCGUAGGGG,0
ACUGACACGU,1
ACUGACACGU,1
GCCUUCGGGU,0
GGGGAAACUU,1
UGUCAAUGCA,0
AGUGUGAACG,1
GAGGAAACUC,1
UCCGCAAGGA,1
UGAAACAUCU,0
GCGUAAUAGC,0
CCCUCCAGGG,0
CUCGGAUGGG,0
GCAGCGAUGC,1
UGCAAGAGCA,0
GUCGUGAGAC,1
GCCUGCAAGC,1
GCGGGAACGC,0
UAAAAGGUAA,0
GUCGUGAGAC,1
UGCAAGAGCA,0
GCGUUCGCGC,0
AACAACCGUG,0
CCCUUCGGGG,0
GGUGCAAGCC,1
GUCGUGAGAC,1
CCCUUCGGGG,0
GCCGCAAGGC,1
GUCGUGAGAC,1
UCUGAGAGGA,1
AUCAACCGAG,0
AGCUAACGCG,1
GGGUAACACU,0
UACGAGAGGA,0
UGCGAAAGCA,1
UGAAACAUCU,0
CCCGCGAGGG,1
GGUGCAAGCC,1
UACGAGAGGA,0
AGGGAAACCG,1
AACUUCGGGA,0
GGCGCAAGCC,1
UGUCGAAGCA,0
GCCAACAGGC,0
CCCGCGAGGG,1
CACGAAAGUG,1
ACCGGAAGGA,1
GUCGUGAGAC,1
GCCGAAAGGC,1
GGUGCAAGCC,1
GGGGGAACCC,0
CUCUUCGGUG,0
GGUUAAGUCC,0
ACUUUAGGGU,0
UGAAACAUCU,0
UCCUACGGGA,0
AGCUAACGCG,1
CUCGGAUGGG,0
GCCGAACGGC,1
ACUGACACGU,1
AGCGAAAGCG,1
GGCGCAAGCC,1
UCUGAGAGGA,1
GGCUUCGGCC,0
ACCGGAAGGA,1
GGGGAAACUC,1
CUGGAGACGG,1
GCAGCGAUGC,1
UCCUACGGGA,0
UACGUGAGUU,1
UGUCGAAGCA,0
GUCGUGAGAC,1
UCUAGUAACA,0
GGGUGAGACC,0
GCCUACGGGC,0
CGGUGAAAUG,0
UCCGAAUAGG,0
AACUUCGGGA,0
ACUUUAGGGU,0
GCCGAAAGGC,1
UAUUUAGGUA,0
CGCGAAAGCG,1
CCCGCGAGGG,1
GUCGUGAGAC,1
GGUUAAGUCC,0
CUGGAAACAG,1
ACCGAAAGGU,1
AACUUCGGGA,0
CAUGCCAAUG,0
GGCGAAAGCC,1
GCCGAAAGGC,1
AGGGAAACCG,1
ACCGGAAGGU,1
GCCUACGGGC,0
UCUUCAAGGG,0
AGCAUUUGCU,0
GCCGCGAGGC,1
GGCGAAGGCA,1
UGCAAGAGCA,0
GGCGCAAGCC,1
GCUGCAAAGU,1
AGAGAAAUCG,0
CGGUGAAAUG,0
GCCUACGGGC,0
GCCGAAAGGC,1
GGGGGAACCC,0
GGUGAAAACU,1
GCCGAAAGGC,1
GCCGCGAGGC,1
GGGGAAACCC,0
ACCGUGAGGG,1
GCCGCGAGGC,1
GGAGUGAUUU,1
UCCUACGGGA,0
GGGGAAACCC,0
GGCGCAAGCC,1
CGUGAAAGCG,1
CCGGCAACGG,1
AGAGAAAUCG,0
GGUGUAAACC,1
AGCAGCCGCG,1
GCCUGCAAGC,1
CCGGCAACGG,1
UUUAUUAAAA,0
AACAACCGUG,0
CUCGGAUGGG,0
AGGGGAACCU,1
AGCUAACGCG,1
ACCGUGAGGG,1
CUCGGAUGGG,0
CGCGAAAGCG,1
GCCGGCAGGC,0
CCCUCCAGGG,0
GUCGUGAGAC,1
AGCAGCCGCG,1
GCCGCAAGGC,1
AGAGAAAUCG,0
GCCGUGAGGU,1
CCCGGAAGGG,1
AUCGAAAGAU,1
ACCGUGAGGG,1
ACCGUGAGGG,1
AGGUAAACCU,0
ACCGUGAGGG,1
CCCGUAGGGG,1
GUCGUGAGAC,1
CCCUUCGGGG,0
CAUGCCAAUG,0
UUUACCAAAA,0
UAUUGAGGUA,0
ACCGGAAGGA,1
CGUGACGGCG,1
CCCGGGAGGG,1
CCCUCCAGGG,0
GGAGCGAUUU,1
GCGGAAACGC,0
AACUUCGGGA,0
GUCGUAAGAC,0
CCCCUUGGGG,0
GCCUACGGGC,0
AGCUAACGCG,1
GUCGUGAGAC,1
CCGGCAACGG,1
CCCGCGAGGG,1
GCCGAAAGGC,1
GGUGAAAGCC,1
GUGGAAAUGC,1
CAAACCAUUU,0
CGCGAAAGCG,1
CCCUUCGGGG,0
CGUACCAACG,0
CCCGCAAGGG,1
UGGGAGACCG,1
GUCGUGAGAC,1
GGCGCAAGCC,1
GGGUGAGACC,0
GCCGUGAGGU,1
AGCAGCCGCG,1
GGGGAAACCC,0
CCGGCAACGG,1
UCUGAGAGGA,1
GUCGUGAGAC,1
GGGGGAACCC,0
UGCCUCGGUA,0
GAGGUAACGA,0
ACCGGAAGGA,1
UACGAGAGGA,0
ACCGGAAGGU,1
AGCAGCCGCG,1
GGAGAGGUCC,0
UUUACCAAAA,0
CCCGCAAGGG,1
GGCGAAGGCG,1
GUCGUGAGAC,1
CCCCUUGGGG,0
CCCGGGAGGG,1
UGUCGAAGCA,0
CCCGGGAGGG,1
CCCGGAAGGG,1
GCCUACGGGC,0
UCCUACGGGA,0
AGAGAAAUCG,0
GCGGGAACGC,0
GGUGCAAGCC,1
ACCGUGAGGG,1
GGCGCAAGCC,1
AGAGAAAUCG,0
GCCGAAAGGC,1
AGCUAACGCG,1
GGGUAACACU,0
AGCUAACGCG,1
GCCGCGAGGC,1
GCCGCAAGGC,1
UUUACCAAAA,0
UCCUACGGGA,0
GUCGUGAGAC,1
GGGGAAACUC,1
CACUACGGUG,0
GCAGCGAUGC,1
GAGGUAACGA,0
GGUGCAAGCC,1
GGCUUCGGCC,0
GAGGAAACUC,1
GUCGUGAGAC,1
CCCGCGAGGG,1
CUCGGAUGGG,0
GCCUUCGGGU,0
AGGGAAACCG,1
AGCGAAAGCG,1
CCCUCCAGGG,0
UGUCAAUGCA,0
GUCGAAAGAC,1
ACUAACCAGG,0
AGCAGCCGCG,1
UCUGAGAGGA,1
CCCUCCAGGG,0
GGUUAAGUCC,0
UCCUACGGGA,0
GGGGGAACCC,0
UGAAACAUCU,0
GUCGUGAGAC,1
GUCGUGAGAC,1
AGAGAAAUCG,0
CACUACGGUG,0
UUCGAGAGAG,0
ACUGACACGU,1
UGAAACAUCU,0
AGCUAACGCG,1
CUCGUAAGAG,1
AUCAACCGAG,0
UUCAGAAGAA,0
UAUCACGGUA,0
CGGUGAAAUG,0
AACUUCGGGA,0
CGCGAAAGCG,1
UGUCAAUGCA,0
ACCGGAAGGU,1
GAGGAAACUC,1
GCUGUGAGGC,1
AGGGAAACCG,1
UAUUGAGGUA,0
AGGAUCACCC,0
AACUUCGGGA,0
AGCUUCGGCU,0
AUCAACCGAG,0
GGGGAAACCC,0
GGCGAAGGCA,1
GGGGGAACCC,0
GCCGAAAGGC,1
GGCGAAAGCC,1
CACUACGGUG,0
CUAGAAAUGG,1
GCCGCAAGGC,1
UGUCGAAGCA,0
UCUGAGAGGA,1
CGGGAAACCA,1
GAAAAGAUAU,0
GCGUAAUAGC,0
GCCGAAAGGC,1
GCCGCGAGGC,1
GGGUGAGACC,0
GUCGUGAGAC,1
ACCGUGAGGG,1
GCCGAAAGGC,1
ACCAACCGGG,0
CCCGCGAGGG,1
GCGUAACAGC,0
CCCUCCAGGG,0
CUCGUAAGAG,1
ACCGUGAGGG,1
CCCGCGAGGG,1
CCGGCAACGG,1
GGUUAAGUCC,0
CUCGGAUGGG,0
GGCGCAAGCC,1
UACGAGAGGA,0
GGAGUGAUUU,1
AGCAGCCGCG,1
GGUUAAGUCC,0
CCGGCAACGG,1
GUCGAAAGAC,1
ACCGUGAGGG,1
GGCGAAGGCA,1
UGCGAAAGCA,1
CCCUCCAGGG,0
UGCGAAAGCA,1
AGCUAACGCG,1
GCCGUGAGGU,1
GGCGCAAGCC,1
CGGUGAAAUG,0
UCCUACGGGA,0
AGGAUUACCC,0
AACUUCGGGA,0
CCCGGGAGGG,1
GGCGAAGGCA,1
AGGGAAACCG,1
GUCGAGAGAC,1
UACACGACAA,0
GCUUAAUUGC,0
ACUUUAGGGU,0
GCCUACGGGC,0
UUUACCAAAA,0
AGGGAAACCG,1
UCUGAGAGGA,1
CCCUCCAGGG,0
AGCGAAAGCA,1
AGCUAACGCG,1
CUCGUAAGAG,1
CGGAUCACCC,0
UGGGAAACCA,1
GGGGAAACCC,0
AGCGAAAGCG,1
AGGUGAACCU,1
AGCUAACGCG,1
GCCGUGAGGU,1
AACUUCGGGA,0
GAAGAAAUUC,1
GCCUACGGGC,0
CGGUGAAAUG,0
UACGAGAGGA,0
GCGGGAACGC,0
GGGGGAACCC,0
GCAGCGAUGC,1
GGGGAAACCC,0
GGCGAAAGCC,1
AGAGAAAUCG,0
GCCUACGGGC,0
ACCUUCGGGA,0
UACGAGAGGA,0
CGGGAAACCA,1
AACUUCGGGA,0
CCCCUUGGGG,0
AUCAACCGAG,0
ACUUUAGGGU,0
GGCGAAAGCC,1
GCCGAAAGGC,1
GGCGAGCGCC,1
CCCUCACGGG,1
ACCUUCGGAA,0
CUGGAAACGG,1
GCCGAACGGC,1
CGGUGAAAUG,0
GCCGAAAGGC,1
GUCGUGAGAC,1
ACCGAAAGGC,1
ACUUUAGGGU,0
GGUUAAGUCC,0
UGCGAAAGCA,1
CGGUGAAAUG,0
CGGUGAAAUG,0
AACUUCGGGA,0
GUCGUGAGAC,1
CCCUUCGGGG,0
AGGGAAACCG,1
UACGAGAGGA,0
AGGGAAACCG,1
AGCAGCCGCG,1
GUCGUGAGAC,1
GGUGCAAGCC,1
GCCUGCAAGC,1
AACUUCGGGA,0
AGCAGCCGCG,1
UCUGAGAGGA,1
GGGGGAACCC,0
AGGAUUACCC,0
UACGAGAGGA,0
CGCGAAAGCG,1
CUCGUAAGAG,1
UGAAACAUCU,0
UUUACCAAAA,0
GUCGUGAGAC,1
ACCGUGAGGG,1
AGCAGCCGCG,1
UCAGAGAUGA,1
ACUUUAGGGU,0
AAUGAAGGUG,1
CCGGCAACGG,1
AGCUAACGCG,1
CGUGACGGCG,1
ACCGGAAGGU,1
GGGUGAGACC,0
GGUUAAGUCC,0
GGUGAAAGCC,1
GGUGCAAGCC,1
GCGUAAUAGC,0
CGCGAAAGCG,1
GUCGUGAGAC,1
UAUUUAGGUA,0
CCCUUCGGGG,0
UCUGAGAGGA,1
GGAGCGAUUU,1
AGGGAAACCG,1
AGUGUGAACG,1
CUCGUAAGAG,1
AGCAGCCGCG,1
GUCGUGAGAC,1
GAAAAGAUAU,0
AGGGGAACCU,1
GGUUAAGUCC,0
AACUUCGGGA,0
ACUUUAGGGU,0
GCCGCAAGGC,1
AUCAACCGAG,0
AGCAGCCGCG,1
CCCCUUGGGG,0
GUCUUCGGAC,0
ACCGGAAGGU,1
CAUGAAAGUG,1
CCGGCAACGG,1
AAUGAAAGUG,1
GCCGCGAGGC,1
UUCGAGAGAG,0
AGAGAAAUCG,0
CACUACGGUG,0
CCCGGGAGGG,1
UGUCGAAGCA,0
UUUAUUAAAA,0
CCCUUCGGGG,0
GUCUUCGGAU,0
UCUGAGAGGA,1
GCCGCAAGGC,1
ACCGGAAGGU,1
GCCGAAAGGC,1
CCGGCAACGG,1
ACUAACCAGG,0
GCCGAACGGC,1
GCUGUGAGGC,1
GGCGAAGGCA,1
UGUCAAUGCA,0
GCCGCGAGGC,1
GGGUGAGACC,0
GCCGCAAGGU,1
UCUGAGAGGA,1
GGUUAAGUCC,0
CCCGGGAGGG,1
GCCGCGAGGC,1
GAGGAAACUC,1
ACCUUCGGAA,0
UCCUACGGGA,0
GUCUUCGGAC,0
GCCUUCGGGU,0
GUCGUGAGAC,1
GGCGAAGGCA,1
AGCUAACGCG,1
UCCUACGGGA,0
GGGGAAACUC,1
ACCGGAAGGA,1
CCCGCGAGGG,1
UCUGAGAGGA,1
UGCAAGAGCA,0
AGCAGCCGCG,1
GGGUAACACU,0
GGGGAGGUCC,1
CCCGUACGGG,1
UCUAAUUAAA,0
CUCGCGAGAG,1
CUCGGAUGGG,0
GCCUACGGGC,0
GGUGAAAACU,1
CGAGAAAUCA,1
UCCGCAAGGA,1
UGUCGAAGCA,0
AGAGAAAUCG,0
UCUGAGAGGA,1
UGAAACAUCU,0
AGUGUGAACG,1
GGCUUCGGCC,0
GGCGCAAGCC,1
GCCGCAAGGC,1
AUGGUAACAU,1
GGUUAAGUCC,0
GUCGAACGGC,0
GCCGCAAGGC,1
ACCUUCGGAA,0
GCCGCGAGGC,1
ACCGGAAGGU,1
UCUGAGAGGA,1
GGCGAAAGCC,1
GCCGUGAGGU,1
UCCUACGGGA,0
ACCUUCGGAU,0
UACGAGAGGA,0
GGUGAAAGCC,1
AACUUCGGAA,0
GCAGCGAUGC,1
GAGGAAACUC,1
ACCGUGAGGG,1
GCCGUGAGGU,1
GCCGCGAGGC,1
ACCGUGAGGG,1
CGGUGAAAUG,0
UACGAGAGGA,0
AGGGGAACCU,1
ACCGGAAGGU,1
AGCAGCCGCG,1
ACCUUCGGGA,0
GGGGAAACUC,1
UCUAGUAACA,0
AGGGGAACCU,1
CCCUUCGGGG,0
UCUCUCAGGA,0
UCUGAGAGGA,1
UCUUCAAGGG,0
UACGAGAGGA,0
AGCGAAAGCG,1
GGUGCAAGCC,1
GGCGCGGGCC,1
CGGUGAAAUG,0
GGAGACGUCC,1
CGGUGAAAUG,0
CCCGCAAGGG,1
GGCGCGGGCC,1
GGCGAAGGCA,1
UGAAACAUCU,0
UCCCUCAGGA,0
CCUUCGCGGG,1
UGCGAAAGCA,1
GGCGAAGGCA,1
GGCGAAGGCG,1
CGUACCAACG,0
UACGAGAGGA,0
AUCCAAGGAA,0
CCCGCGAGGG,1
GGAGCGAUUU,1
UACGAAAGGA,0
AGCAGCCGCG,1
AGGGAAACCG,1
CGCGAAAGCG,1
GUCGUGAGAC,1
GCGGGAACGC,0
GCCUGCAAGC,1
CGGUGAAAUG,0
AGAGAAAUCG,0
AUGUCUUCGG,0
AUCAACCGAG,0
GCCUGCAAGC,1
GCCGUGAGGU,1
GCCGCGAGGC,1
GGCGAAAGCC,1
UUUACCAAAA,0
GGGGGAACCC,0
GUUGUGAAAU,1
GGGUGAGACC,0
GGUGCAAGCC,1
CCGGCAACGG,1
CCCUCCAGGG,0
GAGGAAACUC,1
GCCGCAAGGC,1
UACGAGAGGA,0
CCCGCGAGGG,1
UAAAGAGUAA,0
GCCUACGGGC,0
GGUGCAAGCC,1
UACGAGAGGA,0
GAGGAAACUC,1
AGAGAAAUCG,0
GCCGCAAGGC,1
CGCGCGAGCG,1
CCCUCCAGGG,0
AGGUGAACCU,1
GCCGACAGGC,1
CGCGAAAGCG,1
CUCGUAAGAG,1
GGCGAGAGCU,1
CAAACGGUAA,0
CCCGCAAGGG,1
CCCGUACGGG,1
ACUUUAGGGU,0
CCCUUCGGGG,0
CACGUAAGUG,1
UCUGAGAGGA,1
GUCGUGAGAC,1
GGGUGAGACC,0
AACUUCGGGA,0
AGCAGCCGCG,1
CAUGCCAAUG,0
CGUGACGGCG,1
ACCGUGAGGG,1
GGCGCAAGCC,1
CUCGGAUGGG,0
CCCUUCGGGG,0
GAGGAAACUC,1
GGUUAAGUCC,0
GGGGAAACUC,1
GGCGAAAGCC,1
GCCGCAAGGC,1
CCCGCAAGGG,1
ACCGUGAGGG,1
GUCGUGAGAC,1
UACGAGAGGA,0
AGCGAAAGCG,1
CGUCAAUUCG,0
GCCGAAAGGC,1
GCCGCAAGGC,1
ACCGUAAGGU,1
CCGGCAACGG,1
GCCUACGGGC,0
ACCGGAAGGU,1
UGCGAAAGCA,1
UUAAGCAUAU,0
GUCGUGAGAC,1
GACGAGAUUC,0
AGGGAAACCG,1
CCCUCCAGGG,0
GCGGGAACGC,0
GCCUACGGGC,0
CCCCUUGGGG,0
GUCGUGAGAC,1
CCCUUCGGGG,0
AGAGAAAUCG,0
CCCGCGAGGG,1
ACUUUAGGGU,0
AGCAGCCGCG,1
ACCGUGAGGG,1
GCCGAAAGGC,1
UAUUACGGUA,0
GCCUUCGGGU,0
GCAGCGAUGC,1
CUCGUAAGAG,1
AGCGAAAGCG,1
AGGGAAACCG,1
AACUUCGGGA,0
UGCAAGAGCA,0
UACGAGAGGA,0
CCCUUCGGGG,0
UGAAACAUCU,0
GAGGAAACUC,1
AACUUCGGGA,0
ACAGACGUGU,0
GGCGAAAGCC,1
UAUUGAGGUA,0
GCCGAAAGGC,1
GGGGGAACCC,0
UCUGAGAGGA,1
CCCUUCGGGG,0
GGUUAAGUCC,0
GCCGAAAGGC,1
CUCGUAAGAG,1
UUUACCAAAA,0
CGCGAAAGCG,1
GUCGUGAGAC,1
GGUUAAUUCC,0
GGCGAAGGCA,1
AGCUAACGCG,1
CAUGCCAAUG,0
GUCGUGAGAC,1
GGAGUGAUUU,1
ACCGUGAGGG,1
GGGUAACACU,0
GCCGCAAGGC,1
UCUGAUCAGG,0
CCCUCCAGGG,0
CCCUCCAGGG,0
AGGGAAACCG,1
UGCAAGAGCA,0
UAUUUAGGUA,0
GCGUAACAGC,0
GUUGAAAAAC,1
GGCGAAGGCG,1
GGCGAAAGCC,1
GCCGCAAGGC,1
GGGUGAGACC,0
UUCGAGAGAG,0
ACGGUAACGU,1
GGUUAAGUCC,0
GGGUGAGACC,0
CGGUGAAAUG,0
GGCUUCGGCC,0
CCCCUUGGGG,0
UGCGCAAGCG,1
CUCGGAUGGG,0
UAUUGAGGUA,0
CUCGGAUGGG,0
ACCGGAAGGU,1
AGCUAACGCG,1
UCAGAGAUGA,1
GAUGAAAGUC,1
GGUGCAAGCU,1
GUCGUGAGAC,1
UUCGAGAGAG,0
ACCGGAAGGU,1
GUCGUGAGAC,1
UGUCGAAGCA,0
UCUGAGAGGA,1
UCCGCAAGGA,1
GGGGAAACUC,1
UCUCUCAGGA,0
CCCUUCGGGG,0
UCUUCAAGGG,0
CGCGAAAGCG,1
CCCCUUGGGG,0
GCCGAAAGGC,1
GGCGCAAGCC,1
GGCGAAAGCC,1
CUCGUAAGAG,1
GCCGAAAGGC,1
CAUGAAAGUG,1
GGGGAAACCC,0
CCCCUUGGGG,0
CCUCCCGAGU,0
ACCGGAAGGU,1
GGCGAAAGCC,1
GCCGAAAGGC,1
UCCGCAAGGA,1
AGGGAAACCG,1
UAAAAGGUAA,0
AGAGAAAUCG,0
AGGGAAACCG,1
AACUUCGGGA,0
AGCGAAAGCG,1
GCCUGCAAGC,1
GUCGAACGGC,0
CUCGCGAGAG,1
UCUGAGAGGA,1
AGCAUUUGCU,0
GCCUCCGGGU,0
GGGGGAACCC,0
CGCGAAAGCG,1
UUAAGCAUAU,0
UCCUAACGGC,1
UGCAAGAGCA,0
GCCGCAAGGC,1
GGAGUGAUUU,1
AUAGCAAUGU,1
UUCGCAAGAA,1
GGUGCAAGCC,1
AAUGAAGGUG,1
ACCGUGAGGG,1
CGGUGAAAUG,0
UCCGCAAGGA,1
UUCGCAAGAG,1
AGCAGCCGCG,1
CCCGCGAGGG,1
UACGAGAGGA,0
GCCGAACGGC,1
AGCAAAAGCG,0
UUUACCAAAA,0
GGGGAAACCC,0
UGAAACAUCU,0
GCGGAAACGC,0
AGGGGAACCU,1
GUGUAACAAC,0
CCCCUUGGGG,0
GGCGAAAGCC,1
GCGUAAUAGC,0
GACGAGAGGA,0
GGUGAAAGCC,1
GCGGGAACGC,0
AGCGUGAGCG,1
UACGAGAGGA,0
CUCGUAAGAG,1
GUCGUGAGAC,1
UCCGCAAGGA,1
UAAAAGGUAA,0
CCCUCCAGGG,0
GGGGAAACUC,1
AGGGAAACCG,1
AACUUCGGGA,0
UGCGAAAGCA,1
ACUUUAGGGU,0
UACGAGAGGA,0
AACUUCGGGA,0
GGUGAAAGCC,1
GCUGUGAGGC,1
GGCGAAGGCA,1
AACUUCGGGA,0
AGCAGCCGCG,1
UCUGAGAGGA,1
CCCGCAAGGG,1
GGUGAAAGCC,1
ACCGUGAGGG,1
AACUUCGGGA,0
UCCGCAAGGA,1
CCUUUAAUGG,0
AGCUAACGCG,1
ACCGUGAGGG,1
CCCCGAGGGG,0
CCCGCAAGGG,1
GCCGAACGGC,1
UAAAAGGUAA,0
GCGUAACAGC,0
CUCGUAAGAG,1
AGGGAAACCG,1
AACUUCGGAA,0
CUGGAAACGG,1
GGUGCAAGCC,1
UACGAGAGGA,0
ACCUACAAGU,1
GAGGAAACUC,1
GCCGAAAGGC,1
UGCAAGAGCA,0
AGGGAAACCG,1
CCGGCAACGG,1
GGCGCAAGCC,1
CUCGGAUGGG,0
GGCGAGAGCC,1
ACCUUCGGAA,0
AGGGAAACCG,1
CGCGAAAGCG,1
GUCGUGAGAC,1
GUCGUGAGAC,1
GCCGAAAGGC,1
GCCGUGAGGU,1
GCGUAACAGC,0
ACUUUAGGGU,0
AGGGAAACCG,1
AGGGAAACCG,1
AGGGAAACCG,1
UUUACUAAAA,0
CAUGAAAGUG,1
UUUACCAAAA,0
GCCGCGAGGC,1
UUCGAGAGAG,0
CCCCUUGGGG,0
GGGUGAGACC,0
GGUGCAAGCC,1
UCCUACGGGA,0
GCGUAAUAGC,0
UUUACCAAAA,0
UGCAAGAGCA,0
AACUUCGGGA,0
CCGGGAGCGG,1
AACUUCGGGA,0
UUUACCAAAA,0
GGUGCAAGCC,1
GACGUAAGUC,1
GCCUGCAAGC,1
AGCAGCCGCG,1
GCUGUGAGGC,1
CGUGACGGCG,1
UUUAUUAAAA,0
GCCGCGAGGC,1
ACAGUGAUGG,1
GACGAAAGUC,1
CGCGAAAGCG,1
AGCAGCCGCG,1
ACCUUCGGAA,0
CCCUCCAGGG,0
AUGGUAACAU,1
ACCGUGAGGG,1
CCCUUCGGGG,0
GGGAAGCUCC,1
CUCGUAAGAG,1
AGCGAAGGCA,1
CGGGUGACCG,1
UCAGGAAUGA,1
CCCGGGAGGG,1
CCGGCAACGG,1
AGCUAACGCG,1
CCCGCAAGGG,1
AGCAGCCGCG,1
GCGGGAACGC,0
GGUUAAGUCC,0
CUCGUAAGAG,1
UACGAGAGGA,0
GCCUACGGGC,0
CCCCUUGGGG,0
GCGUAAUAGC,0
GGGUAACACU,0
ACCUUCGGAA,0
UAUUUAGGUA,0
AACUUCGGGA,0
AACUUCGGGA,0
GCCGUGAGGU,1
AACUUCGGGA,0
GGUUAAGUCC,0
AGAGAAAUCG,0
GCGGGAACGC,0
ACUUUAGGGU,0
GGGGGAACCC,0
CGUACCAACG,0
GCGGGAACGC,0
GGGUAACACU,0
CGUGACGGCG,1
AGCUAACGCG,1
CGAGAAAUCA,1
CGCGAAAGCG,0
AACUUCGGGA,0
GGCGAAAGCC,1
CGCGCGAGCG,1
AAUCUUAGUU,0
UAAAAGGUAA,0
ACCGUGAGGG,1
AGGGAAACCG,1
UCCUACGGGA,0
AGGGAAACCG,1
CCCGGGAGGG,1
CCGGCAACGG,1
UCUGAGAGGA,1
AACUUCGGGA,0
AGCAGCCGCG,1
CCCCUUGGGG,0
GCGUAAUAGC,0
ACUGAAAGGG,1
AGGGAAACCG,1
CCGGCAACGG,1
CGCGAAAGCG,1
GCCGAAAGGC,1
GCCGCAAGGC,1
CGGUGAAAUG,0
GGGUGAGACC,0
AGCAGCCGCG,1
CGGUGAAAUG,0
GGCGCAAGCC,1
CGCGAAAGCG,1
CAUGAAAGUG,1
UUUACCAAAA,0
GGCGAAGGCG,1
CGCGAAAGCG,1
GCGUAAUAGC,0
GCUUAAUUGC,0
GGCGAAGGCA,1
GGUUAAGUCC,0
GCCGUGAGGU,1
UACGAGAGGA,0
CUCGUAAGAG,1
GCCGCGAGGC,1
CUCGUAAGAG,1
GCCGCAAGGU,1
UAUUGAGGUA,0
GCCGUGAGGU,1
AGGAUAACCC,0
CGCGAAAGCG,1
CGGUGAAAUG,0
GCGUAAUAGC,0
CGGGAAACCA,1
AGAGAAAUCG,0
GGUGCAAGCC,1
CCCCUUGGGG,0
GGUGCAAGCU,1
GGGGAAACUC,1
AACUUCGGGA,0
CGCGAAAGCG,1
GGGGGAACCC,0
CCCUCCAGGG,0
CGCGAAAGCG,1
CGCGAAAGCG,1
UAUUUAGGUA,0
GCCGCAAGGC,1
UCCGCAAGGA,1
CUCGGAUGGG,0
GCCGCGAGGC,1
GACGAAAGUC,1
CUCGUAAGAG,1
AGAGAAAUCG,0
AGCGAAAGCG,1
GCCGUGAGGU,1
AGCGAAAGCA,1
CGUACCAACG,0
CUGGAAACGG,1
UCUGAGAGGA,1
GCCGAAAGGC,1
AGCAGCCGCG,1
GCCUGCAAGC,1
GGCGAAAGCC,1
GCCGAACGGC,1
CGCGAAAGCG,1
GGGGAAACUC,1
UUUGAAGAGA,1
GGGGAAACUC,1
GCCUGCAAGC,1
ACCGGAAGGU,1
CCGGCAACGG,1
AGCGAAAGCG,1
GCCGAAAGGC,1
CCCUCCAGGG,0
UCUGGAGGGA,1
GGUUAAGUCC,0
AGGGAAACCG,1
GGCGCAAGCC,1
GCCGUGAGGU,1
GCCGAAAGGC,1
GGCGCAAGCC,1
CCCCUUGGGG,0
CUCUUCGGAG,0
UUUACCAAAA,0
UAAAGAGUAA,0
UCCGAAAGGU,1
CCCGCGAGGG,1
CUCUUCGGAG,0
GGUGAAAGCC,1
GGCGAAAGCC,1
ACCGUGAGGG,1
GCCGAAAGGC,1
UUUAUUAAAA,0
ACUUUAGGGU,0
UGAAACAUCU,0
ACUUUAGGGU,0
GCGGGAACGC,0
GCCUGCAAGC,1
GCCGAAAGGC,1
CCCUUCGGGG,0
UACGAGAGGA,0
CAAACGGUAA,0
GAGGUAACGA,0
CUGGAAACGG,1
UUUACCAAAA,0
UACGAAAGUA,1
GAAAAGAUAU,0
GUUGUGAAAU,1
GGCGAGCGCC,1
UGCGAAAGCA,1
GGUGCAAGCC,1
CUCGGAUGGG,0
UGCUUCGGCA,0
UACGAGAGGA,0
GGCGAAGGCG,1
UGAAACAUCU,0
GGGGAAACUC,1
GCCGAAAGGC,1
GGCGAAAGCC,1
UCUGAGAGGA,1
UCUGAGAGGA,1
UCCCUCAGGA,0
UGAAACAUCU,0
UCUUCAAGGG,0
CCCGGGAGGG,1
UCUGAGAGGA,1
AGAGAAAUCG,0
CCCGGGAGGG,1
GGUUAAGUCC,0
ACCUUCGGAA,0
UCUGAGAGGA,1
GGUUAAGUCC,0
GGGGGAACCC,0
GGCGAAGGCA,1
UGAAACAUCU,0
UUUACCAAAA,0
GCCUGCAAGC,1
UUUGAAAAGA,1
GGUUAAGUCC,0
GGUGCAAGCC,1
UACGAGAGGA,0
CGGUGAAAUG,0
AGCAGCCGCG,1
ACUUUAGGGU,0
CUCGGAUGGG,0
CGCGAAAGCG,1
CGGGCGACCG,1
CCCGCGAGGG,1
UAUGAGAAGA,0
CCCUUCGGGG,0
GCCGAAAGGC,1
AAUGAAAGUG,1
GGCGCAAGCC,1
CUCGGAUGGG,0
CGCGCAAGCG,1
GCCGUGAGGU,1
CCGGCAACGG,1
UGUCAAUGCA,0
GGUGAAAGCC,1
GCAGUGAUGU,1
AACUUCGGAA,0
UCUGAGAGGA,1
GGAGCAAUCC,1
GGGGGAACCC,0
CCCGCGAGGG,1
CCCGGGAGGG,1
GGCGAAAGCC,1
GACGUAAGUC,1
AGUGUGAACG,1
GCCUACGGGC,0
GCAGCGAUGC,1
UGCAAGAGCA,0
AUCCAAGGAA,0
CUCGGAUGGG,0
ACUGACACGU,1
CGCGAAAGCG,1
GGUGCAAGCC,1
CCCGGGAGGG,1
ACAAACGAGU,1
UGAAACAUCU,0
UCCUACGGGA,0
GGGGAAACUC,1
UUUACCAAAA,0
GUCUUCGGAC,0
GUUGUGAAAU,1
GUCGUGAGAC,1
GGGUGAGACC,0
GCGGGAACGC,0
CCCGCGAGGG,1
UCCGGAAGGA,1
CGGUGAAAUG,0
GAGGAAACUC,1
UCCUACGGGA,0
AGAGAAAUCG,0
GGUGCAAGCC,1
GGUGCAAGCC,1
ACGGUAACGU,1
AGAGAAAUCG,0
GGGGAAACUC,1
CCCGCGAGGG,1
GGCUUCGGCC,0
GCCGAACGGC,1
AGGGAAACCG,1
AGCAGCCGCG,1
GCUGUGAGGC,1
UCUGAGAGGA,1
GAGGAAACUC,1
GGGUGAGACC,0
GAGGAAACUC,1
GGCGAAAGCC,1
ACCGUGAGGG,1
CCCCUUGGGG,0
CCCCUUGGGG,0
GCCGAAAGGC,1
CCCUUCGGGG,0
GGGGGAACCC,0
GGGGGAACCC,0
GGGGAAACUC,1
AGAGAAAUCG,0
AACUUCGGGA,0
AUCAACCGAG,0
GCGUAAUAGC,0
GCCGAAAGGC,1
ACCGGAAGGU,1
UGAAACAUCU,0
GCGGGAACGC,0
GCCUGCAAGC,1
CCCUCCAGGG,0
ACCGUAAGGU,1
GCCGAAAGGC,1
CCCCUUGGGG,0
GCCUACGGGC,0
UUUGAAAAGA,1
CUGGAAACAG,1
CCGGCAACGG,1
CUCGGAUGGG,0
GCCGUGAGGU,1
GCCGAAAGGC,1
GUCGCAAGAC,1
UGAAACAUCU,0
AGCUAACGCG,1
AGCGCAAGCG,1
GGGGAAACCC,0
AGGUGAACCU,1
GGCGAAAGCC,1
CCGGCAACGG,1
GGCGAAAGCC,1
GGUGAAAGCC,1
CUCGCAAGAG,1
GGCGUGAGCC,1
AGCGAAAGCG,1
GCCGCAAGGC,1
AGAGAAAUCG,0
UGAAACAUCU,0
AGCAGCCGCG,1
CAUGCCAAUG,0
ACCGCAGGGU,1
ACCGUGAGGG,1
ACCGUGAGGG,1
UAAAUAUUAA,0
GGUGCAAGCC,1
UGAAACAUCU,0
AACUUCGGGA,0
UUUAUUAAAA,0
AGCUUCGGCG,1
UCUGAGAGGA,1
GUGGCGACAU,1
GUCGCAAGAC,1
GCCGAACGGC,1
CGCGAAAGCG,1
GGCGCGGGCC,1
GCCUACGGGC,0
GGUGAAAGCC,1
CGCGAAAGCG,1
CUGGAGACGG,1
UGCAAGAGCA,0
UCUGAGAGGA,1
UAAACGAUAA,0
UCUAGUAACA,0
UUCGCAAGAG,1
UUUACCAAAA,0
CUGGAAACAG,1
GCCGAAAGGC,1
GGCGCAAGCC,1
GUCGCAAGAC,1
AGCAGCCGCG,1
CUCGGAUGGG,0
CGCGAAAGCG,1
CCCGCCCGGG,0
UCCUACGGGA,0
GGGGGAACCC,0
UCCGGGAGGA,1
GCCUCCGGGU,0
UGAAACAUCU,0
CGUACCAACG,0
GCCGCAAGGC,1
CCCCUUGGGG,0
AUAGCAAUGU,1
CCCGCGAGGG,1
GCCGAAAGGC,1
GCCGCGAGGC,1
GGGGGAACCC,0
CCCGCGAGGG,1
CCCGGGAGGG,1
GGCGCAAGCC,1
CCCUUCGGGG,0
GGGUGAGACC,0
UUUAUUAAAA,0
UCUGAGAGGA,1
CGGUGAAAUG,0
UCUGAGAGGA,1
CGGUGAAAUG,0
UUUACCAAAA,0
GCGGGAACGC,0
CGGUGAAAUG,0
GCCUGCAAGC,1
CGUGACGGCG,1
GACUUCGGUC,0
GGCGCAAGCC,1
ACUUUAGGGU,0
CCCUCCAGGG,0
GGCGAAAGCC,1
AACUUCGGGA,0
UGCAAGAGCA,0
ACCGUGAGGG,1
CCCGGGAGGG,1
UGCAAGAGCA,0
GGGGGAACCC,0
AAUGAAAGUG,1
CGUGCCCACG,0
CCCUUCGGGG,0
CUCGCAAGAG,1
UACGAGAGGA,0
GUCGUGAGAC,1
AGGGAAACCG,1
AGAGAAUUCG,0
UGAAACAUCU,0
GGUUAAGUCC,0
ACCGUGAGGG,1
ACCGAAAGGC,1
GUCGUGAGAC,1
GGCGAAGGCA,1
UUCGAGAGAG,0
ACCGUAAGGG,1
UGCAAGAGCA,0
GGCGAAAGCA,1
ACGGUAACGU,1
GCGGGAACGC,0
CAUCCCGAAC,0
GCCGAAAGGC,1
GUUGCAAAGC,1
CCCGCGAGGG,1
AACUUCGGGA,0
GCCGAAAGGC,1
GGGGAAACUC,1
GGUGAAAGCC,1
CCCUUCGGGG,0
GGGGAAACUC,1
AGAGAAUUCG,0
GCGGGAACGC,0
GCCGCAAGGC,1
AUAGCAAUGU,1
CGGUGAAAUG,0
GGGUGAGACC,0
UCCUACGGGA,0
CAAACGGUAA,0
GCGGGAACGC,0
GGCGAAGGCA,1
UCUGAGAGGA,1
ACCGUAAGGU,1
ACCGUGAGGG,1
UAUUGAGGUA,0
CGUACCAACG,0
GGCGCAAGCC,1
AUAGCAAUGU,1
CCCCUUGGGG,0
CCCGCGAGGG,1
UCUGAGAGGA,1
GCCUACGGGC,0
GUCGUGAGAC,1
GGCGCAAGCC,1
ACCGGAAGGU,1
UCUGAGAGGA,1
AACUUCGGGA,0
CAAACCAUUU,0
GCCGAACGGC,1
UAAACGAUAA,0
CCGGCAACGG,1
GGCGAAGGCA,1
ACCUUCGGGC,0
GGCGAAAGCC,1
AUCCAAGGAA,0
UCCGCAAGGA,1
UGAAACAUCU,0
UCUGAGAGGA,1
UAUUGAGGUA,0
UGCGAAAGCA,1
CUCGGAUGGG,0
CGGUGAAAUG,0
GCCGCGAGGC,1
GGUUAAGUCC,0
CGUGACGGCG,1
CCCGCGAGGG,1
CCCGCGAGGG,1
AGUGUGAACG,1
GUCGUGAGAC,1
UGCAAGAGCA,0
UUUACCAAAA,0
CCGGCAACGG,1
GUUGACAAAC,0
CCCGCGAGGG,1
CCCUCCAGGG,0
GGUGCAAGCC,1
GGCGCAAGCC,1
UCUGAGAGGA,1
UACGAGAGGA,0
CCCUUCGGGG,0
GUCGCAAGAC,1
CCCGCAAGGG,1
GCCGCGAGGC,1
CCGGCAACGG,1
GGUUAAGUCC,0
AACUUCGGGA,0
CCGGCAACGG,1
UAAACGAUAA,0
CACGAAAGUG,1
CCCUUCGGGG,0
CUCGUAAGAG,1
AGAGAAAUCG,0
CCCGGGAGGG,1
UCUGAGAGGA,1
CGUGAAAGCG,1
ACCGGAAGGU,1
AAUAAGGGUU,0
ACCGGAAGGU,1
CUCGCGAGAG,1
GCCGAAAGGC,1
CUGGAAACGG,1
UCUAAUUAAA,0
CUCGGAUGGG,0
UGCGAAAGCA,1
GCCGCGAGGC,1
ACCGUGAGGG,1
UACGAGAGGA,0
CCCUCCAGGG,0
UAUUUAGGUA,0
UGAAACAUCU,0
GUGUAACAAC,0
GGGGGAACCC,0
CCCGCGAGGG,1
AGCUAACGCG,1
GCCGAAAGGC,1
UGAAACAUCU,0
GCCUGCAAGC,1
UCUGAGAGGA,1
GCCGCAAGGU,1
UUUACCAAAA,0
GCCGAACGGC,1
GGUGAAAGCC,1
GGGGAAACUC,1
AGAGAAAUCG,0
AACUUCGGGA,0
GCGUAAUAGC,0
GGCGAAAGCC,1
CCCGUAAGGG,1
UGAAACAUCU,0
AGGAGAGCCA,0
GCCGCAAGGC,1
GGGUAACACU,0
ACCGUGAGGG,1
CCGGCAACGG,1
CCCUCCAGGG,0
AGCUAACGCG,1
UGUCAAUGCA,0
GGUUAAGUCC,0
GCCGAAAGGC,1
AGCGAAAGCG,1
GCCGUGAGGU,1
GGGAUCACCA,0
GCCGUGAGGU,1
GCCUUCGGGC,0
CAUGCCAAUG,0
ACCGUGAGGG,1
UACGAAAGGA,0
UGAAACAUCU,0
GAAAAGAUAU,0
UGAAACAUCU,0
GCGUAAUAGC,0
CGGUGAAAUG,0
ACCGUAAGGU,1
GGCGAAAGCC,1
GCCGCGAGGC,1
AGCUAACGCG,1
GCCUGCAAGC,1
UCUAAUUAAA,0
GGUGCAAGCC,1
UUUACCAAAA,0
GCGGGAACGC,0
CCCGGGAGGG,1
UGAAACAUCU,0
ACCGUGAGGG,1
AGCGAAAGCG,1
GUCGUGAGAC,1
ACAGUGAUGG,1
UCCUACGGGA,0
GUCUAGCGAC,1
UUCGCAAGAG,0
CACGAAAGUG,1
CCCUCCAGGG,0
UGCAAGAGCA,0
ACCGUGAGGG,1
AUCGUAAGGA,1
CCCGCGAGGG,1
UGUCAAUGCA,0
GGGGGAACCC,0
GGGGGAACCC,0
GGGGGAACCC,0
GCCGCAAGGU,1
AACUUCGGGA,0
GAAAAGAUAU,0
CAUGCCAAUG,0
UGCGAAAGCA,1
AACUUCGGGA,0
GGCGAAGGCA,1
GCGUAAUAGC,0
GGCGAAAGCC,1
CGUACCAACG,0
CGUGACGGCG,1
GCCGUGAGGU,1
GAAAAGAUAU,0
CCCCUUGGGG,0
ACCGUGAGGG,1
AGCAGCCGCG,1
UCCUACGGGA,0
CCCGCGAGGG,1
GGCGAAAGCC,1
ACCGUGAGGG,1
AAGUUCGCAA,0
UGCAAGAGCA,0
CUCGUAAGAG,1
AGGUGAACCU,1
CCCGGGAGGG,1
CGGGAAACCG,1
AGGAUGACCC,0
CUCGUAAGAG,1
GGUGCAAGCC,1
UACGAGAGGA,0
AGGGAAACCG,1
AACUUCGGGA,0
GCCAACAGGC,0
CCCUCCAGGG,0
CACUACGGUG,0
AGCAUUUGCU,0
GCAGAGAUGG,1
CUCGUAAGAG,1
AGCAGCCGCG,1
GGCGAAGGCA,1
CCCUCCAGGG,0
GGGUGAGACC,0
AGGAUGACCC,0
UACUUCGGUA,0
AGCAGCCGCG,1
GGCGAAGGCA,1
GGCGAAAGUC,1
UGAAACAUCU,0
GGGGAAACUC,1
GCCGAAAGGC,1
UGCGAAAGCA,1
UUAAGCAUAU,0
UAAAAGGUAA,0
GCGUAAUAGC,0
UCUAGUAACA,0
GCUGAAAAGU,1
CGUUAAAUCG,0
UAUUUAGGUA,0
CUUGAAAAAG,1
ACCGAAAGGC,1
AGGGAAACCG,1
AAUAAGGGUU,0
GGGGGAACCC,0
UUUACCAAAA,0
ACCGUGAGGG,1
AGCAGCCGCG,1
UGUCGAAGCA,0
CCAGAAACGG,1
GGCGAGAGCC,1
GGGGGAACCC,0
GCCUGCAAGC,1
GGGGUAACCC,1
CCAAAAAUGG,1
GAGGAAACGU,1
UGGGAAACCU,1
GGUUAAGUCC,0
UCUGAGAGGA,1
UCUGAGAGGA,1
CGGUGAAAUG,0
AGUGUGAACG,1
UCCUACGGGA,0
GGUUAAUUCC,0
AUAGCAAUGU,1
GGUGCAAGCU,1
GUCGUGAGAC,1
GCGGGAACGC,0
UUUACCAAAA,0
GGCGAAGGCA,1
GGCGAAAGCC,1
GGUUAAGUCC,0
GAUGAAAUUC,1
GGUGCAAGCC,1
AGCUAACGCG,1
AGGGAAACCG,1
ACCUUCGGGA,0
CUCGGAUGGG,0
GCGUAAUAGC,0
CGCUACGGCG,0
GUCGUGAGAC,1
CCCGCAAGGG,1
GGUGCAAGCC,1
GUUGAAAAAC,1
GGUUAAUUCC,0
CUCGGAUGGG,0
CUGGAAACGG,1
AGAGAAAUCG,0
UUUACCAAAA,0
GCCGAAAGGC,1
GAGGUAACGA,0
UUUACCAAAA,0
GUCGUGAGAC,1
CUCGCGAGAG,1
AACUUCGGGA,0
UUUGAAAAGA,1
ACCGUAAGGG,1
AGGGAAACCG,1
ACAGUGAUGG,1
UUUACCAAAA,0
GCCUACGGGC,0
UACGAGAGGA,0
CACGAAAGUG,1
GGCGCAAGCC,1
UACGAGAGGA,0
GCCGCGAGGC,1
GCCUGCAAGC,1
UCUGAGAGGA,1
GCUGUGAGGC,1
AGAGAAAUCG,0
GGUGAAAGCC,1
GCUGUGAGGC,1
GGUUAAGUCC,0
UGAAACAUCU,0
AGGGAAACCG,1
GUUGUGAAAU,1
CCCGCGAGGG,1
CUCGGAUGGG,0
GGGGAAACUC,1
UCCGCAAGGA,1
GGCGAAGGCA,1
AGCUAACGCG,1
UGAAACAUCU,0
AGCAGCCGCG,1
GCCUGCAAGC,1
GCGUAAUAGC,0
UACGUAAGUA,1
UGCAAGAGCA,0
GUCUUCGGAC,0
UCCUACGGGA,0
GCCUACGGGC,0
GGCGAAAGCC,1
GCCGAAAGGC,1
ACCAACCGGG,0
GAGGUAACGA,0
UGCAAGAGCA,0
GGGGAAACCC,0
ACCGUAAGGG,1
CACUUCGGUG,0
GGGUGAGACC,0
UACGAGAGGA,0
ACCGUGAGGG,1
UGAGAAAUCA,1
GGGGGAACCC,0
UUCGAGAGAG,0
UACGAGAGGA,0
GGUGAAAGCC,1
CCCGGGAGGG,1
UUUACCAAAA,0
UCCUACGGGA,0
GCCGCGAGGC,1
ACCGAAAGGA,1
ACCGUGAGGG,1
GGCGAAAGCC,1
GCUGAGGAGC,0
CCUUCGCGGG,1
GGUGCAAGCC,1
UUUACCAAAA,0
GGGGGAACCC,0
GAAGAAAUUC,1
UACGUAAGGA,0
GCGGGAACGC,0
ACCGUGAGGG,1
GGCGAAGGCG,1
AGGGAAACCG,1
AGCGAAAGCG,1
UGUCAAUGCA,0
CCGGCAACGG,1
CGUGACGGCG,1
AACUUCGGAA,0
UUUACUAAAA,0
GUCGUGAGAC,1
AGCAGCCGCG,1
GGUUAAGUCC,0
CGCGAAAGCG,1
GCCGCAAGGC,1
CUCUUUCGAG,1
CCCGGGAGGG,1
GCAGAGAUGC,1
GCCGAAAGGC,1
GCGUAACAGC,0
CCCUCCAGGG,0
UAUUUAGGUA,0
CCCUUCGGGG,0
UUUACCAAAA,0
UACGAGAGGA,0
UUCGCAAGAG,1
UAAAAGGUAA,0
GAUUAAGUUC,0
UAAAAGGUAA,0
AGCGCAAGCG,0
GCCUGCAAGC,1
ACUAACCAGG,0
GCCUGCAAGC,1
CCCUUCGGGG,0
AGCAGCCGCG,1
GGCGAAGGCA,1
UUUACCAAAA,0
CUCUUCGGAG,0
ACAGUGAUGG,1
UACGAGAGGA,0
GCCGCAAGGU,1
CUCGUAAGAG,1
AGCUAACGCG,1
UGCCUCGGUA,0
UGGUAUUCCA,0
GCCUGCAAGC,1
GUCGCAAGAC,1
UCCGGGAGGA,1
CACGAAAGUG,1
AGGGAAACCG,1
GGUUAAGUCC,0
CUCGGAUGGG,0
ACCGUGAGGG,1
GGGUGAGACC,0
UCCGAAAGGA,1
AGGGAAACCG,1
CCCCUUGGGG,0
GGGUGAGACC,0
ACUUUAGGGU,0
GCCGAACGGC,1
GACGUAAGUC,1
AGGGAAACCG,1
GUCGUGAGAC,1
CCCUCACGGG,1
AGGGGAACCU,1
GGCGAAGGCA,1
ACCUUCGGAA,0
GCGGGAACGC,0
ACCGUGAGGG,1
AUAUUUUUAU,0
CCCUUCGGGG,0
GCUGAGGAGC,0
CCCGGGAGGG,1
UUUAUUAAAA,0
GAGGUAACGA,0
GGCGAAGGCA,1
GGGGGAACCC,0
CGUACCAACG,0
GCCGUGAGGU,1
ACUUAAUUGA,0
CGUGACGGCG,1
AGGGAAACCG,1
AGGGAAACCG,1
UCUGAGAGGA,1
CCGGCAACGG,1
ACUGGAAGGU,1
CCGGCAACGG,1
AGCAGCCGCG,1
GGGGAAACUC,1
ACCGUGAGGG,1
ACCGUGAGGG,1
GUCGUGAGAC,1
UGAAACAUCU,0
CCCUCCAGGG,0
CGCGAAAGCG,1
GGCGAAAGCC,1
UCCGGGAGGA,1
ACCGGAAGGU,1
AUAGUGAUAU,1
GGGGAAACUC,1
GCGUAAUAGC,0
CUCUUUCGAG,1
UCAGGAAUGA,1
CCCUCCAGGG,0
UCCCUCAGGA,0
CCCUUCGGGG,0
GCCGAAAGGC,1
CGGUGAAAUG,0
CGGUGAAAUG,0
CACUACGGUG,0
ACCGUGAGGG,1
CGCGAAAGCG,0
GCCGCAAGGC,1
UCCUACGGGA,0
GGCGAAGGCA,1
UACGAGAGGA,0
GGUUAAGUCC,0
CCGGCAACGG,1
GCCGAAAGGC,1
GCCUCCGGGU,0
AGCAGCCGCG,1
CCCGGGAGGG,1
UGAAACAUCU,0
CCCGCGAGGG,1
GCUGAGAAGC,1
GCCUGCAAGC,1
AACUUCGGGA,0
AAUCAGGGUU,0
UCUGAUCAGG,0
AACUUCGGGA,0
UCUGAGAGGA,1
GUUGCAAAGC,1
CCCGCGAGGG,1
UGAAACAUCU,0
GUCGUGAGAC,1
AGGGAAACCG,1
GGCGCAAGCC,1
UAAAAGGUAA,0
UCUGAGAGGA,1
GCCUGCAAGC,1
GGUUAAGUCC,0
GUGUAACAAC,0
UGCGAAAGCA,1
GCCGCAAGGC,1
GGGGAAACCC,0
UCUGAGAGGA,1
ACUUAAUUGA,0
GCCGCGAGGC,1
ACUUUAGGGU,0
AUAGCAAUGU,1
UCCUUCGGGU,0
GUCGUGAGAC,1
GUCGUGAGAC,1
UGAAACAUCU,0
GUCGUGAGAC,1
GACGCGAGUC,1
AUUUAACGAU,1
AGCUAACGCG,1
AGGGAAACCG,1
UACGAGAGGA,0
CGCGAAAGCG,1
AUAGCAAUGU,1
UGAAACAUCU,0
GGUUAAGUCC,0
GUCGUGAGAC,1
UACGAGAGGA,0
GAGGAAACUC,1
UACGAGAGGA,0
AGAGAAAUCG,0
GCCGCGAGGC,1
GAGGAAACUC,1
GCCGAAAGGC,1
GGUUAAGUCC,0
AGCAGUCGCG,1
UCCUACGGGA,0
UCUGAUCAGG,0
AAGAGAACUU,0
ACCGUGAGGG,1
UAUUGAGGUA,0
UGAAACAUCU,0
GGCGCAAGCC,1
GGCGCAAGCC,1
ACCGGAAGGU,1
CUCGGAUGGG,0
GGGGAAACCC,0
GUCGUGAGAC,1
ACCGUAAGGG,1
GGCGAAAGCC,1
AACUUCGGGA,0
UUUACCAAAA,0
UAUUGAGGUA,0
CUCGUAAGAG,1
CGGUGAAAUG,0
CUCGUAAGAG,1
ACCGUGAGGG,1
AUAGCAAUGU,1
CCCCUUGGGG,0
CCGGCAACGG,1
GGCGAAGGCA,1
CCCGGGAGGG,1
AGGGAAACCG,1
CACGAAAGUG,1
GCUGUGAGGC,1
GUCGUGAGAC,1
GCGGGAACGC,0
GCCGCAAGGC,1
CAUGCCAAUG,0
AGGGAAACCG,1
CACUACGGUG,0
AGGGAAACCG,1
GGGGAAACCC,0
GUGUAACAAC,0
CACGAAAGUG,1
AUCCAAGGAA,0
ACCGUGAGGG,1
CGUGACGGCG,1
UGCGAAAGCA,1
GGCGAAGGCA,1
CCCUCCAGGG,0
AAGUUCGCAA,0
GGGGAAACCC,0
AGCAGCCGCG,1
AACUUCGGGA,0
AAUGAAAGUG,1
GGUUAAGUCC,0
CUCGUAAGAG,1
CCCGCAAGGG,1
AAUGAAAGUU,1
GUCGUGAGAC,1
UAUUUAGGUA,0
AGGAUUACCC,0
GGUGAAAGCC,1
GCCGUGAGGU,1
GGUGAAAGCC,1
GCGUAAUAGC,0
CCCUGAAGGG,1
UUUACCAAAA,0
CCGUCAGCGG,0
GGUGCAAGCC,1
GGGGAAACCC,0
UCUUCAAGGG,0
GGGGGAACCC,0
AGGGAAACCG,1
GGCGAAAGCC,1
GCCGAAAGGC,1
CUCGUAAGAG,1
AACUUCGGGA,0
AGGGAAACCG,1
CUCGUAAGAG,1
GCGGGAACGC,0
UUUACCAAAA,0
GGGGAAACCC,0
GGUUAAGUCC,0
GGUGAAAGCC,1
GGCGAAGGCA,1
AUGGUGACAU,1
AUAGCAAUGU,1
GUGGCGACAU,1
GCCGCGAGGC,1
AACUUCGGGA,0
CUCGGAUGGG,0
GCCGAAAGGC,1
CGGUGAAAUG,0
ACCUACGGGG,0
GCUGUGAGGC,1
GCCGAAAGGC,1
ACUUUAGGGU,0
GGCGCAAGCC,1
AACUUCGGGA,0
GGCGAGAGCU,1
GGUGCAAGCC,1
GUUGUGAAAU,1
UCCGCAAGGA,1
ACCGUGAGGG,1
GCCGGCAGGC,1
CCCGGGAGGG,1
GGGGAAACUC,1
GCAGCGAUGC,1
AGCUAACGCG,1
ACCGGAAGGA,1
CGCGAAAGCG,1
CGUACCAACG,0
GCAGCGAUGC,1
GCCUACGGGC,0
CACGAAAGUG,1
UUUACCAAAA,0
ACCGGAAGGA,1
AGAGAAAUCG,0
GGGGAAACUC,1
AACUUCGGGA,0
UGCAAGAGCA,0
CGCGAAAGCG,1
ACCUUCGGAA,0
GUCGCAAGAC,1
UUUAUUAAAA,0
GCGAUUACGG,0
GGCGAAGGCA,1
UACGAGAGGA,0
AUCGUAAGGA,1
UGUCAAUGCA,0
CGCGAAAGCG,1
GGCGCAAGCC,1
GGUGAAAGCC,1
GGCGAAGGCA,1
CCUUCGCGGG,1
GGGGGAACCC,0
CGGGCGACCG,1
GCCGAAAGGC,1
UUUACCAAAA,0
GGCGAGAGCU,1
CGUUAAGUCG,0
ACCGUGAGGG,1
UUUACCAAAA,0
UACGAGAGGA,0
AGGGAAACCG,1
GGUGUAAAUC,1
GUCUUCGGAC,0
UACGAGAGGA,0
AGCUAACGCG,1
UGAAACAUCU,0
UACGAGAGGA,0
GCCUGCAAGC,1
GCCGAAAGGC,1
CUCGUAAGAG,1
GACUUCGGUC,0
CGCGAAAGCG,1
GGGUGAGACC,0
GCGGGAACGC,0
ACCGUGAGGG,1
UUUACCAAAA,0
GGCAAACGCU,1
GCCGAAAGGC,1
CCCGCGAGGG,1
GGUUAAGUCC,0
AGCCACCGCG,1
GGUGAAAGCC,1
GGGUGAGACC,0
CUGGAAACGG,1
UACGAGAGGA,0
ACUUUAGGGU,0
GAUGAAAGUC,1
CCGGCAACGG,1
CCCUUCGGGG,0
UGAAACAUCU,0
GCCGAACGGC,1
GAGGAAACUC,1
CGUGACGGCG,1
GGGGGAACCC,0
CUCGAAAGAG,1
CCCGGGAGGG,1
GCCUACGGGC,0
GCCGCAAGGC,1
GUCUUCGGAU,0
CCCUCCAGGG,0
CGUGAAAGCG,1
UGCGAAAGCA,1
AGGUGAACCU,1
AGAGAAAUCG,0
UGCUUCGGCA,0
GGCGAAAGCC,1
AGUGUGAACG,1
ACCGGAAGGU,1
UCUUCAAGGG,0
UGCAAGAGCA,0
CAAAAUGUAA,0
GGUUAAGUCC,0
GUCGCAAGAC,1
AGGGAAACCG,1
GGUUAAGUCC,0
GCCGAAAGGC,1
AGCAGCCGCG,1
AACUUCGGGA,0
GGGUGAGACC,0
AUCGAAAGAC,1
ACCGUGAGGG,1
CCCGCAAGGG,1
GGCGAAGGCG,1
UACGAGAGGA,0
ACCGUGAGGG,1
GCCUGCAAGC,1
AGGGAAACCG,1
GGGGAAACUC,1
GGGGAAACCC,0
UUUAAUUAAA,0
UCCGCAAGGA,1
UACGAGAGGA,0
GGCGAGCGCC,1
ACUUUAGGGU,0
UGAAACAUCU,0
GGGUAACACU,0
ACCGGAAGGU,1
AGGGAAACCG,1
GCCGCAAGGC,1
CCCCGAGGGG,0
GGUGAAAGCC,1
CGCGAAAGCG,1
AACUUCGGGA,0
AACUUCGGGA,0
GUCGUGAGAC,1
AGGAUAACCC,0
UGAAACAUCU,0
CUGGAAACGG,1
GUCGUGAGAC,1
CGCGAAAGCG,1
CCCGCAAGGG,1
AGCGCAAGCG,1
GGUUAAGUCC,0
GAGGUAACGA,0
CCCUCCAGGG,0
ACCGGAAGGU,1
CUCGUAAGAG,1
CCCUUCGGGG,0
ACUUUAGGGU,0
AGCUAACGCG,1
GGCGAAAGCC,1
AGCUAACGCG,1
ACCUUCGGAA,0
AACUUCGGGA,0
UACGAAAGGA,0
AACUUCGGGA,0
CAUGAAAGUG,1
GCCGCGAGGC,1
GGGGAAACUC,1
AGCGCAAGCG,0
GCCGAAAGGC,1
UACGAGAGGA,0
UACGAGAGGA,0
UACGUAAGUA,1
CUCGUAAGAG,1
AGGAUUACCC,0
CCCGGGAGGG,1
CCCUUCGGGG,0
CCCGGGAGGG,1
AGCGAAAGCG,1
GGCGAAGGCG,1
CCCUUCGGGG,0
GGCGAAGGCA,1
ACCGGAAGGU,1
CCCUCCAGGG,0
UACGAGAGGA,0
AGGGAAACCG,1
GGUUAAGUCC,0
GGGGGAACCC,0
GGGGAAACUC,1
AGGGAAACCG,1
CUCGUAAGAG,1
AGGGAAACCG,1
GGGGAAACUC,1
GCCGCAAGGU,1
GUCGUGAGAC,1
GGGGAAACUC,1
UGCGAAAGCA,1
AGCAGCCGCG,1
UCCUACGGGA,0
GGCGAAAGCC,1
UACGAGAGGA,0
CGCGCGAGCG,1
GACGCGAGUC,1
UACGAGAGGA,0
GUCGUGAGAC,1
GAGGAAACUC,1
GGUGAAAACU,1
GAAAAGAUAU,0
ACCGUGAGGG,1
CUCGCAAGAG,1
GCCUGCAAGC,1
CGCGAAAGCG,1
GCGGGAACGC,0
CAAUAACUUG,1
ACCGGAAGGU,1
AGCAGCCGCG,1
GGGGGAACCC,0
GUCGUGAGAC,1
GUCGUGAGAC,1
ACAGUGAUGG,1
CGGGAAACCU,1
UCCCUCAGGA,0
GCCGAAAGGC,1
UCCCUCAGGA,0
GGGGAAACUC,1
CCCUUCGGGG,0
CGGGAAACCA,1
CUGGAAACGG,1
GCCGUGAGGU,1
UCUGAGAGGA,1
GGUGAAAGCC,1
ACCGAACGGU,0
GCCGAAAGGC,1
ACCGGAAGGU,1
GAGGUAACGA,0
AUCAACCGAG,0
CUCGUAAGAG,1
GAGGAAACUC,1
GCCGAAAGGC,1
CCGGCAACGG,1
ACGGUAACGU,1
UCCCUCAGGA,0
UGCAAGAGCA,0
UCCGCAAGGA,1
CAAACGGUAA,0
GGCGCAAGCC,1
GGCGCAAGCC,1
CCGGCAACGG,1
UUUAUUAAAA,0
CAGGAAACUG,1
GUCGUGAGAC,1
GGCGAAAGCC,1
ACUUUAGGGU,0
CCCGCGAGGG,1
GGCUUCGGCC,0
GGGGAAACUC,1
GUCGUGAGAC,1
GCCUACGGGC,0
GCCGAAAGGC,1
AGGGGAACCU,1
GGUUAAGUCC,0
CCGGCAACGG,1
CGUACCAACG,0
CUCGGAUGGG,0
GCGGGAACGC,0
GCCUGCAAGC,1
CCCCUUGGGG,0
UCUUCAAGGG,0
UGAAACAUCU,0
CCCGCGAGGG,1
GGUGCAAGCC,1
CGUACCAACG,0
CCCGGGAGGG,1
UACGAGAGGA,0
AGCGUGAGCG,1
CCCGCGAGGG,1
CCCUUCGGGG,0
GGCGAAGGCA,1
GUCGUGAGAC,1
AGCUAACGCG,1
UGUCAAUGCA,0
AUAGCAAUGU,1
GCCGAAAGGC,1
GCCUGCAAGC,1
GCAGCGAUGC,1
GGCGAAGGCA,1
CGGUGAAAUG,0
GCCUGCAAGC,1
ACCUUCGGGA,0
GCGGGAACGC,0
GGUGAAAGCC,1
CACUACGGUG,0
CUGGAAACGG,1
GGGUGAGACC,0
AGCAGCCGCG,1
UGCAAGAGCA,0
GUCGUGAGAC,1
CCCGGGAGGG,1
GGCGAAGGCA,1
ACCGCAGGGU,1
UGUCAAUGCA,0
AACUUCGGGA,0
GCCUGCAAGC,1
CCCGCGAGGG,1
CCCGCGAGGG,1
UACGAGAGGA,0
UACGAGAGGA,0
GGCGAAAGCC,1
GGGGGAACCC,0
GACGUAAGUC,1
UCUGAGAGGA,1
UCUAGUAACA,0
AUCAACCGAG,0
GCCGCGAGGC,1
UUUACCAAAA,0
GCUGUGAGGC,1
UCCCUCAGGA,0
CCCGGGAGGG,1
GGCGAAGGCA,1
GGGGAAACUC,1
CUCGGAUGGG,0
ACCGUGAGGG,1
AGGGAAACCG,1
UCUGAUCAGG,0
AGCAGCCGCG,1
UUCUUCGGAA,0
GCCGAAAGGC,1
UACGAGAGGA,0
UCUUCAAGGG,0
GCCGUGAGGU,1
CCCGGGAGGG,1
GAGUUAUGUC,0
ACCGUGAGGG,1
CCCCUUGGGG,0
GCCGAGAGGU,0
GCCGCAAGGC,1
AGCGCAAGCG,0
UACGAGAGGA,0
GCCGAAAGGC,1
GCCGCAAGGC,1
CCCGGGAGGG,1
AGGGAAACCG,1
GGGGAAACUC,1
AGGGAAACCG,1
GCGUUCAAGC,0
GGUGCAAGCC,1
CUCGCGAGAG,1
UGCAAGAGCA,0
GGUGAAAGCC,1
UCUGAGAGGA,1
GCCUGCAAGC,1
UCCUACGGGA,0
UCUGAGAGGA,1
GGCGAAAGCC,1
CGGUGAAAUG,0
AGCAUUUGCU,0
UGCAAGAGCA,0
GGUUAAGUCC,0
UGUGAAAAUA,1
UAAAAGGUAA,0
AGCAGCCGCG,1
GAGGAAACUC,1
ACCGGAAGGU,1
ACCGGAAGGA,1
CCAGAAAUGG,1
GGCGAAGGCA,1
GCCUGCAAGC,1
AGGGAAACCG,1
CCCCUUGGGG,0
ACCGGAAGGU,1
GCGGGAACGC,0
GGCGAAAGCC,1
AGAGAAAUCG,0
AGAGAAAUCG,0
AGGGAAACCG,1
UGCGCGAGCC,1
CCCUUCGGGG,0
UUUGAAAAGA,1
CCCUUCGGGG,0
CGUGACGGCG,1
UCCUACGGGA,0
GGUGCAAGCC,1
AAGUUCGCAA,0
GCCGUGAGGU,1
CCGGCAACGG,1
GGUUAAGUCC,0
AGUGUGAACG,1
ACCGGAAGGU,1
UCUAGUAACA,0
ACCGUGAGGG,1
GGCGCAAGCC,1
GCCGAAAGGC,1
AGGAGAGCCA,0
CCCUCCAGGG,0
GCGGGAACGC,0
GCCGCAAGGC,1
UCCUACGGGA,0
GCGAUUACGG,0
CCCCUUGGGG,0
CUCGGAUGGG,0
UACGAGAGGA,0
CCCCUUGGGG,0
GGUGCAAGCC,1
GCCUACGGGC,0
UCCUACGGGA,0
AACUUCGGGA,0
UUCGAGAGAG,0
GGGGAAACCC,0
CUCGGAUGGG,0
UGAAACAUCU,0
AGGGAAACCG,1
CCCUUCGGGG,0
AGGGAAACCG,1
UAUGUAAGUA,0
GGGGAAACUC,1
ACUUUAGGGU,0
GGGUGAGACC,0
CCAGAAACGG,1
GGCGAAGGCA,1
UCCUACGGGA,0
ACUUUAGGGU,0
GGGGGAACCC,0
CUCGUAAGAG,1
GCCGAAAGGC,1
GCCGCGAGGC,1
UCUAGUAACA,0
ACCGGAAGGU,1
UAAAAGGUAA,0
GCAGCGAUGC,1
GCCGCGAGGC,1
GCCGAAAGGC,1
GCCGAAAGGC,1
GGUUAAGUCC,0
CUCGGAUGGG,0
AGCUAACGCG,1
AACUUCGGGA,0
CAUGCCGAAC,0
UUUGAAGAGA,1
GCGGGAACGC,0
CACGAAAGUG,1
CUCGUAAGAG,1
UGCGAAAGCA,1
CUCGUAAGAG,1
AGCAUUUGCU,0
UGCGAAAGCA,1
AGGGAAACCG,1
GAGGAAACUC,1
GUCGUGAGAC,1
UCCUACGGGA,0
GCCGCGAGGC,1
GGCGAAAGCC,1
GAAAAGAUAU,0
CGGUGAAAUG,0
ACUUUAGGGU,0
CCCGCAAGGG,1
AGCUAACGCG,1
UCCUACGGGA,0
CCCGGGAGGG,1
AGAGAAAUCG,0
UACGAGAGGA,0
GCCGUGAGGU,1
UGAAACAUCU,0
AGCGCAAGCG,0
GUCGUGAGAC,1
UAAAGAGUAA,0
AGGGAAACCG,1
GCCGCGAGGC,1
AACUUCGGGA,0
CGCGAAAGCG,1
CGGUGAAAUG,0
ACCGGAAGGU,1
GCCGAAAGGC,1
UGCGAAAGCA,1
UACGAGAGGA,0
GCCUACGGGC,0
AUCAACAGAG,0
CUGGAAACAG,1
GGCGCAAGCC,1
CGUGACGGCG,1
CGAGCGGUCG,1
ACCGUGAGGG,1
GGCGAAGGCA,1
GGGGAAACUC,1
GGCGAAGGCA,1
UGCGAAAGCA,1
CCCCUUGGGG,0
ACUUUAGGGU,0
UCUUCAAGGG,0
AACUUCGGGA,0
GCCUGCAAGC,1
AGGGAAACCG,1
AAUAAGGGUU,0
UAAAAGGUAA,0
GCCGCAAGGC,1
AACUUCGGGA,0
GGCGAAGGCA,1
CCCGCGAGGG,1
CCCUCACGGG,1
UACGAGAGGA,0
CUCGUAAGAG,1
CUCGGAUGGG,0
AGCACCCGCG,1
GGUUAAGUCC,0
GGGGAAACUC,1
UCUUCAAGGG,0
GCAGCGAUGC,1
GUCGUGAGAC,1
GGCUCACGCU,1
GCCGCAAGGC,1
CGGUGAAAUG,0
UGAAACAUCU,0
ACUUUAGGGU,0
AUCCAAGGAA,0
GGCGAAAGCC,1
GCCUGCAAGC,1
GCUUAAUUGC,0
GUCGUGAGAC,1
CAUGCCAAUG,0
GGCGAAGGCA,1
GCCGCAAGGC,1
UAAAAGGUAA,0
GCCGAAAGGC,1
AGAGAAAUCG,0
CAAAAUGUAA,0
CCCGCGAGGG,1
UCCUACGGGA,0
GGCGCAAGCC,1
GGGUGAGACC,0
CUCGUAAGAG,1
CGGUGAAAUG,0
AGGGAAACCG,1
GGGGAAACCC,0
GCCGCAAGGC,1
GGCGAAAGCC,1
GCCGCAAGGC,1
GUCGUGAGAC,1
ACGCUUGCGU,0
AGCUAACGCG,1
GCCUGCAAGC,1
CUCGCGAGAG,1
UCUGAGAGGA,1
AGCAGCCGCG,1
UUUACCAAAA,0
UGAAACAUCU,0
UCUUCAAGGG,0
AGGGAAACCG,1
AGGGAAACCG,1
UUUGACAAAA,0
GCCGCAAGGU,1
CGUACCAACG,0
GGGGGAACCC,0
GGGGAAACCC,0
ACCGGAAGGA,1
CAGUUCGCUG,0
AUAUAAAUAU,1
CGCGAAAGCG,1
GUCGUGAGAC,1
GGUGAAAGCC,1
GCGGGAACGC,0
GGGGGAACCC,0
CUCGGAUGGG,0
GGGGGAACCC,0
CCGGCAACGG,1
AGGGAAACCG,1
CGGUGAAAUG,0
AACUUCGGGA,0
AACUUCGGGA,0
GCCGCAAGGC,1
GUCGUGAGAC,1
CCCCUUGGGG,0
UCUAGUAACA,0
AACUUCGGAA,0
CUCGCGAGAG,1
GGCAAACGCU,1
GCCGAAAGGC,1
AGCGAAAGCG,1
GUCGUGAGAC,1
AGCGAAAGCG,1
GCCUUCGGGU,0
ACCGUGAGGG,1
UCUAGUAACA,0
CUCGCGAGAG,1
UGUCGAAGCA,0
AACUUCGGGA,0
UACGAGAGGA,0
UCCUACGGGA,0
GGCGAAAGCC,1
GGUGAAAGCC,1
CGUGACGGCG,1
UUUAUUAAAA,0
GUCGUGAGAC,1
AGCUAACGCG,1
UCUAGUAACA,0
UAAAGAGUAA,0
GUCGUGAGAC,1
AGGGGAACCU,1
GCUUUAGGGC,0
GCCUGCAAGC,1
CACUUCGGUG,0
UCUGAGAGGA,1
AACUUCGGGA,0
GUCGUGAGAC,1
GUCGUAAGAC,1
GCCGAAAGGC,1
ACCGUGAGGG,1
GUCGUGAGAC,1
GGUUAAGUCC,0
GAUGAAAGUC,1
UUCGAGAGAG,0
UGCAAGAGCA,0
CGCGAAAGCG,1
GCCGCAAGGC,1
GGCGAAGGCA,1
GCAGCGAUGC,1
ACCGUAAGGG,1
UACGAGAGGA,0
UAAAGAGUAA,0
GGGGAAACCC,0
GCCGCGAGGC,1
GGUUAAGUCC,0
AACUUCGGGA,0
GCGUAACAGC,0
UCCUACGGGA,0
GUCGUGAGAC,1
GCGUAAUAGC,0
GCGUAACAGC,0
GGCGAAAGCC,1
ACCGGAAGGU,1
CUCGUAAGAG,1
GGCGAAGGCA,1
AGGGAAACCG,1
ACUUUAGGGU,0
CCCUCCAGGG,0
GCCUACGGGC,0
CGAGAAAUCA,1
CCCCUUGGGG,0
CGGUGAAAUG,0
GGUUAAGUCC,0
ACUAACCAGG,0
CGAGAAAUCA,1
UGCAAGAGCA,0
AGUGUGAACG,1
AGAGAAAUCG,0
GGUUAAGUCC,0
UUCGAGAGAG,0
UCUGAUCAGG,0
GGUUAAGUCC,0
GAGGAAACUC,1
GGCGCAAGCC,1
CCCCUUGGGG,0
CAUGCCAAUG,0
UCCGAAAGGA,1
GGCGAAAGCC,1
UGUCGAAGCA,0
UGCGAAAGCA,1
AGCAGCCGCG,1
GCCCACGGGU,0
GCCUGCAAGC,1
GGUUAAGUCC,0
AGGAUCACCA,0
GGGGGAACCC,0
GCCGAAAGGC,1
AGUGUGAACG,1
GCAGCGAUGC,1
GGGGGAACCC,0
GUCGUGAGAC,1
ACCGUGAGGG,1
UAUUGAGGUA,0
UGCAAGAGCA,0
AGGGAAACCG,1
ACUUUAGGGU,0
UCUGAGAGGA,1
AGAGAAAUCG,0
UCUGAGAGGA,1
UGAAACAUCU,0
GCCUGCAAGC,1
UAAAAGGUAA,0
GGUUAAGUCC,0
UACUUCGGUA,0
UGCAAGAGCA,0
GUUGUGAAAU,1
UGAAACAUCU,0
GUCGUGAGAC,1
GCGGGAACGC,0
CGGGAAACCA,1
GGCGAAAGCC,1
GCGUAAUAGC,0
GCCGGCAGGC,0
CGCGAAAGCG,1
CCCGCGAGGG,1
GGUUAAGUCC,0
GGUUAAGUCC,0
GUCGAAAGAC,1
CCCUCACGGG,1
AACUUCGGGA,0
AGGUGAACCU,1
GGUUAAGUCC,0
AGCUAACGCG,1
AGCUAACGCG,1
GCCGCAAGGC,1
GUCGCAAGGC,1
CGUGACGGCG,1
AUGUCUUCGG,0
GGGGAAACUC,1
UUUGAAGAGA,1
CUCGGAUGGG,0
GAGGUAACGA,0
GCGGGAACGC,0
CCCGCGAGGG,1
UCGGAAACGG,1
GCCGAAAGGC,1
UUUGAAAAGA,1
GCCGCGAGGC,1
ACUGACACGU,1
AGGGGAACCU,1
ACCGGAAGGU,1
AGCGAAAGCC,1
GGCGAAAGCC,1
ACCGUGAGGG,1
GUCGUGAGAC,1
AACUUCGGAA,0
AACUUCGGGA,0
GUUGUGAAAU,1
UAAAGAGUAA,0
CGGUGAAAUG,0
AGCUAACGCG,1
GGUGCAAGCC,1
GCCUGCAAGC,1
CCCGGGAGGG,1
AACUUCGGGA,0
GGGGGAACCC,0
CGGUGAAAUG,0
GAGGAAACUC,1
ACCGGAAGGU,1
AACUUCGGGA,0
UUCUACGGAG,0
AGGGAAACCG,1
ACCGUGAGGG,1
AGAGAAAUCG,0
CUCGGAUGGG,0
CCCUCACGGG,1
GCCGUGAGGU,1
CCCGCAAGGG,1
GCCGCAAGGC,1
GCGGGAACGC,0
UCUUCAAGGG,0
ACCGGAAGGU,1
CCCUCACGGG,1
GGCGCAAGCC,1
AGCAGCCGCG,1
UACGAGAGGA,0
GGUGCAAGCC,1
UCCGAAAGGA,1
CCGGCAACGG,1
GUCGUGAGAC,1
CCCGCAAGGG,1
CAUGCCAAUG,0
ACCGGAAGGU,1
ACCGGAAGGU,1
GGGGAAACCC,0
GCCGCAAGGU,1
UGCAAGAGCA,0
GCCGCGAGGC,1
GCCGUGAGGU,1
GGCGAAGGCA,1
AGGAUUACCC,0
GGUGCAAGCC,1
UGCGAAAGCA,1
AGCUAACGCG,1
GGGAAGCUCC,1
CCCGCGAGGG,1
CUCGGAUGGG,0
CGGUGAAAUG,0
UUCGAAAGAA,1
GGUGCAAGCC,1
UUUAAUUAAA,0
GGGGGAACCC,0
GCCGAAAGGC,1
ACCAACCGGG,0
AGCUAACGCG,1
GAGGAAACUC,1
AACUUCGGAA,0
UGCAAGAGCA,0
GGUUAAGUCC,0
GGUGCAAGCC,1
CCCGGAAGGG,1
AAUGAAGGUG,1
CUCGUAAGAG,1
CCCUCCAGGG,0
GUUGAGAAAC,1
AGAGAAAUCG,0
CGCGGAAGCG,1
GCCUACGGGC,0
GCCGCAAGGC,1
GACGCGAGUC,1
CCCCUUGGGG,0
GGCGAAGGCA,1
GGUGCAAGCU,1
GCGGGAACGC,0
UCCUACGGGA,0
GGGUAACACU,0
GCCGCGAGGC,1
GCCUCCGGGU,0
GGUGCAAGCC,1
AGCGCAAGCG,0
AGGGAAACCG,1
GUCCUUGGAC,0
ACCGGAAGGU,1
GGUGCAAGCC,1
UGAAACAUCU,0
AACUUCGGGA,0
ACCGGAAGGU,1
UGAAACAUCU,0
GUGUAACAAC,0
CUCGCGAGAG,1
AAUAAGGGUU,0
GGUUAAGUCC,0
UUUACCAAAA,0
GCCGUGAGGU,1
CUCGUAAGAG,1
ACCGUGAGGG,1
CCCGGGAGGG,1
GGGGAAACUU,1
AGCUAACGCG,1
GCCGAAAGGC,1
UGCGAAAGCA,1
GCCGAAAGGC,1
AGAGAAAUCG,0
AGGGAAACCG,1
CCCGCGAGGG,1
AGCAGCCGCG,1
CUCUACGGAG,0
UAUUGAGGUA,0
GUCGUGAGAC,1
GCCGCAAGGC,1
GCCGCAAGGC,1
GGGGAAACUC,1
GCCGCAAGGC,1
CGGGAAACCA,1
UCCUACGGGA,0
GGAGCGAUUU,1
GGGGGAACCC,0
CUCGUAAGAG,1
CCCGCGAGGG,1
GCUGAAGGGC,1
CCCGCAAGGG,1
CUCUUCGGAG,0
CUCGCGAGAG,1
AACUUCGGGA,0
CCCUUCGGGG,0
GCGUAAUAGC,0
GCUGUGAGGC,1
GGUGAAAACU,1
UUUACCAAAA,0
AGAGAAAUCG,0
UAAAGAGUAA,0
GCCGUGAGGU,1
GGGGAAACCC,0
GAGGAAACUC,1
AGAGAAUUCG,0
GCGGGAACGC,0
CUCGGAUGGG,0
CCCCUUGGGG,0
GGCGAAGGCA,1
ACCUUCGGGA,0
ACAGUGAUGG,1
GCCGUGAGGU,1
GUCGUGAGAC,1
CCCGCAAGGG,1
UACGAGAGGA,0
GGCGCAAGCC,1
CCCGGGAGGG,1
CGCGAAAGCG,1
GCUGUGAGGC,1
GCUGUGAGGC,1
CGCGAAAGCG,1
GCCGAGAGGU,0
UCCGCAAGGA,1
ACCGUGAGGG,1
GCGGGAACGC,0
UCUGAGAGGA,1
ACCGGAAGGU,1
UACGAGAGGA,0
AGCUAACGCG,1
ACCGGAAGGU,1
UGCGAAAGCA,1
GGGGAAACUC,1
CCGGCAACGG,1
CCCGGGAGGG,1
ACUUUAGGGU,0
CCGGCAACGG,1
UACGAGAGGA,0
GGCGAAAGCC,1
AGCGAAAGCU,1
GGGGAAACCC,0
UUUACCAAAA,0
CCCUUCGGGG,0
CCCCUUGGGG,0
CUCGUAAGAG,1
UUAAGCAUAU,0
GGGGGAACCC,0
GCAGCGAUGC,1
GCCGAAAGGC,1
GCUGUGAGGC,1
AACUUCGGGA,0
CGUACCAACG,0
ACCGUGAGGG,1
GCCGAAAGGC,1
GCCUACGGGC,0
GGUGAAAGCC,1
AACUUCGGGA,0
AGGGAAACCG,1
CUCGGAUGGG,0
ACCGUGAGGG,1
CCCCUUGGGG,0
CCGGCAACGG,1
UAUUGAGGUA,0
GCCGAAAGGC,1
CGUUAAUUCG,0
ACCGCAAGGG,1
CUCUAACCGG,1
GCCGCAAGGC,1
AGAGAGAUCU,1
CGCGAAAGCG,1
AGGGAAACCG,1
ACCGUGAGGG,1
CGUGACGGCG,1
GGGGAAACUC,1
UACGAGAGGA,0
GCCGCGAGGC,1
AGCAGCCGCG,1
GGGUGAGACC,0
AGGGAAACCG,1
GCCGUGAGGU,1
GUUGCAAAGC,1
ACCGUGAGGG,1
UGCAAGAGCA,0
CAUGCCGAAC,0
GGCGAAAGCC,1
GCCGCAAGGC,1
ACCGUAAGGU,1
GAGGAAACUC,1
AACUUCGGGA,0
CCCGCGAGGG,1
CCCCUUGGGG,0
GGGGAAACCC,0
UCCUACGGGA,0
GGCGAAAGCC,1
AGGUGAACCU,1
GGUGAAAGCC,1
ACCGUGAGGG,1
GGUGCAAGCU,1
AGGGAAACCG,1
GCCUGCAAGC,1
GGUUAAUUCC,0
CCCCUUGGGG,0
UACGAGAGGA,0
CGCGCGAGCG,1
GGCGAAGGCA,1
UCCUACGGGA,0
GCCGAAAGGC,1
CCCGCAAGGG,1
UCCGGAAGGA,1
GGGGGAACCC,0
ACCGUGAGGG,1
AGCUAACGCG,1
GCCGCGAGGC,1
GCCUACGGGC,0
CGGUGAAAUG,0
GCCGAAAGGC,1
CGAGAAAUCA,1
UGCAAGAGCA,0
GAAGAAAUUC,1
UCUGAGAGGA,1
GCCGAAAGGC,1
GCUUAAUUGC,0
UACGAGAGGA,0
GGGGAAACUC,1
CGCGAAAGCG,1
GCUUAAUUGC,0
AGGGAAACCG,1
GGUGCAAGCC,1
GCGGGAACGC,0
UGCAAGAGCA,0
UGCAAGAGCA,0
CUCGGAUGGG,0
ACCGGAAGGU,1
UGAAACAUCU,0
AGCAGCCGCG,1
CCCGGGAGGG,1
AGCGAAAGCG,1
GCCGCGAGGC,1
AACUUCGGGA,0
GAGGAAACUC,1
UGAAACAUCU,0
GCCGCGAGGC,1
GACGCGAGUC,1
GGUGAAAACU,1
UCCUACGGGA,0
CCGGCAACGG,1
AACUUCGGGA,0
CCCGCAAGGG,1
GGUUAAGUCC,0
ACCGAAAGGG,1
UCCUACGGGA,0
GUCGUGAGAC,1
AACUUCGGGA,0
AGCUAACGCG,1
UCCGCAAGGA,1
GCCGCGAGGC,1
GGUUAAGUCC,0
CGUGAAAGCG,1
CUCGUAAGAG,1
AACGAAAGUU,1
GGGUGAGACC,0
AGCUAACGCG,1
UUUACCAAAA,0
UCCUACGGGA,0
UCAGAGAUGA,1
UGAAACAUCU,0
UCCUACGGGA,0
UGAAACAUCU,0
UACGAGAGGA,0
CCCUUCGGGG,0
CCCGCGAGGG,1
AGCUAACGCG,1
CCCGGGAGGG,1
GCGGGAACGC,0
CCCGCAAGGG,1
GUCGUGAGAC,1
AGGGAAACCG,1
CUCGUAAGAG,1
UACGAGAGGA,0
AGCAGCCGCG,1
CGCGAAAGCG,1
UCCGCAAGGA,1
UUUACCAAAA,0
GGUGAAAGCC,1
ACCGGAAGGU,1
CGGUGAAAUG,0
AGGGAAACCG,1
AGCAGCCGCG,1
CGGUGAAAUG,0
UCCUACGGGA,0
CUCGUAAGAG,1
GCGGGAACGC,0
GGUGAAAACU,1
ACUUUAGGGU,0
CGUGAAAGCG,1
CCCGCAAGGG,1
GUCGCAAGGC,0
AGAGAAAUCG,0
UGAAACAUCU,0
UAAAAGGUAA,0
UACGAGAGGA,0
AUAGCAAUGU,1
GGCGAAAGCC,1
UCUGAGAGGA,1
CCCGAGAGGG,1
GCCGCGAGGC,1
GCCGCAAGGC,1
UCCUACGGGA,0
GGCGCAAGCC,1
GGCGCAAGCC,1
GGCGAAGGCA,1
CCCUCACGGG,1
AACUUCGGGA,0
CGGUGAAAUG,0
UUUACCAAAA,0
UUUACCAAAA,0
CCCUCCAGGG,0
GCCGCGAGGC,1
UACGAGAGGA,0
GUCGUGAGAC,1
GCCGUGAGGU,1
ACCGUGAGGG,1
AGUGUGAACG,1
UACGAGAGGA,0
AGGGAAACCG,1
UCCUACGGGA,0
GCCUGCAAGC,1
CUGGCAACAG,1
AGCUAACGCG,1
CCCGGGAGGG,1
CACUACGGUG,0
UCUAGUAACA,0
GCCUACGGGC,0
GCUGAGGAGC,0
GGGUGAGACC,0
UCUGAGAGGA,1
GGCGAAAGCC,1
GGCGAAGGCA,1
GGCGAAAGCC,1
UCCGCAAGGA,1
AGCUAACGCG,1
GCGGGAACGC,0
GCCGAAAGGC,1
GCCGCAAGGU,1
GGUUAAGUCC,0
GGGGAAACCC,0
CCCGGGAGGG,1
AGGGAAACCG,1
GCCUGCAAGC,1
GGGUGAGACC,0
ACUUUAGGGU,0
AGAGAAAUCG,0
GAGGUAACGA,0
AGCAGCCGCG,1
ACCGGAAGGU,1
AUCAACCGAG,0
UCCGCAAGGA,1
UGAAACAUCU,0
GCGGAAACGC,1
CCCGCGAGGG,1
GCCGCAAGGC,1
CCCUUCGGGG,0
GCCGUGAGGU,1
CGCGAAAGCG,1
CCCGCGAGGG,1
UGUCGAAGCA,0
AGGGAAACCG,1
UUUACCAAAA,0
AGAGAAAUCG,0
GCCUACGGGC,0
ACUGUAAGGU,1
AGGUGAACCU,1
GCCGAAAGGC,1
AGGUGAACCU,1
CGGUGAAAUG,0
ACCGUGAGGG,1
CACUUCGGUG,0
CUCGGAUGGG,0
GCCGAAAGGC,1
UCUGAGAGGA,1
ACCGUGAGGG,1
AACUUCGGGA,0
CCCGCGAGGG,1
AGCUAACGCG,1
AGCAGCCGCG,1
UACGAGAGGA,0
UUCGAGAGAG,0
GGUGAAAGCC,1
CUCGUAAGAG,1
GGGGGAACCC,0
AACUUCGGAA,0
UCAGAGAUGA,1
GCCGAAAGGC,1
CGGUGAAAUG,0
CCCGCGAGGG,1
GGUGCAAGCU,1
GGUGCAAGCC,1
UACGAGAGGA,0
AGCAGCCGCG,1
ACUUUAGGGU,0
UUUGAAGAGA,1
UUUAUUAAAA,0
ACCGUGAGGG,1
GCCGAACGGC,1
CACGAAAGUG,1
UACGAGAGGA,0
CCCUCCAGGG,0
GUCGCAAGAC,1
UCCUUCGGGA,0
GGAGUAAUCC,1
GCCUUCGGGA,0
GGUGCAAGCC,1
UACGAGAGGA,0
AACGAAAGUG,1
GGUGAAAGCC,1
GGGGGAACCC,0
UCUGAGAGGA,1
AUCCAAGGAA,0
AGCUAACGCG,1
UGCAAGAGCA,0
GGUGAAAGCC,1
CCCGGGAGGG,1
UGAAACAUCU,0
GGCGAAGGCA,1
UCUAGUAACA,0
GCCGCGAGGC,1
CCCUCCAGGG,0
GUCGUGAGAC,1
ACCGUGAGGG,1
GCCUGCAAGC,1
AGCGCAAGCG,1
UAUUGAGGUA,0
CUCGGAUGGG,0
AGCGAGAGCC,1
AUAGCAAUGU,1
GGCGCAAGCC,1
GCCGAAAGGC,1
UACGAGAGGA,0
ACCUUCGGGA,0
UCCUACGGGA,0
CCCUUCGGGG,0
GCCGCAAGGC,1
CCCUCCAGGG,0
GCCGUAAGGU,1
UGCAAGAGCA,0
AACUUCGGGA,0
UUCAGAAGAA,0
UAUUGAGGUA,0
GCCGCAAGGU,1
GGGGAAACUC,1
GCCGCGAGGC,1
UGCGAAAGCA,1
CCCCUUGGGG,0
GCGUAAUAGC,0
GCCUACGGGC,0
GCGGGAACGC,0
AGCGAAAGCG,1
GUCGUGAGAC,1
ACCGUGAGGG,1
CGUACCAACG,0
AGCAGCCGCG,1
CGCGAAAGCG,1
GUCGUGAGAC,1
UCUGAGAGGA,1
CUCGUAAGAG,1
AGCUAACGCG,1
GUCGUGAGAC,1
GCCGCAAGGC,1
GAUGAAAGUC,1
CGGUGAAAUG,0
GGGGAAACUC,1
UUUACCAAAA,0
GCCGCAAGGC,1
CCGGCAACGG,1
AGCUAACGCG,1
GGUGCAAGCC,1
GGUUAAGUCC,0
CCGGCAACGG,1
GGCGAAAGCC,1
UCAGAGAUGA,1
UACGAGAGGA,0
CCCGCGAGGG,1
GCUGUGAGGC,1
GCGUAACAGC,0
GGCGAAGGCA,1
CGGUGAAAUG,0
UCCUACGGGA,0
GGGUGAGACC,0
UGCUUCGGCA,0
GCGUAAUAGC,0
CGGUGAAAUG,0
ACCGUGAGGG,1
AGGGAAACCG,1
ACCGUGAGGG,1
AGCAGCCGCG,1
UUUACCAAAA,0
GCGUUCAAGC,0
CGGUGAAAUG,0
GCGGGAACGC,0
ACCGGAAGGA,1
UACGCAAGGA,0
GGUUAAGUCC,0
GGGGAGACCC,1
GAUGUGAAUC,1
CCCUUCGGGG,0
AGGAUUACCC,0
GCGGUAACGC,1
GCCGAAAGGC,1
GUCGCAAGAC,1
CGUGCCCACG,0
GCCGAAAGGC,1
CGUACCAACG,0
UCCCUCAGGA,0
UACGAGAGGA,0
ACCAACCGGG,0
CGGUGAAAUG,0
GCCGCAAGGC,1
GGCGCAAGCC,1
AGCAGCCGCG,1
AUAGUGAUAU,1
GGCGAAAGCC,1
GGGGAAACCC,0
AUCAACCGAG,0
GGCGAAGGCA,1
AGCUAACGCG,1
GGCGAAGGCA,1
UCCUACGGGA,0
GAGGAAACUC,1
GGGGAAACUC,1
ACCGUGAGGG,1
ACUUAAUUGA,0
CUCGGAUGGG,0
UAUUGAGGUA,0
GGCGCAAGCC,1
GGCGAAAGCC,1
UUUACCAAAA,0
CGUUGAGGCG,0
CGCGAAAGCG,1
CGGUGAAAUG,0
GUCGUGAGAC,1
UGAAACAUCU,0
UAAAAGGUAA,0
CUCGGAUGGG,0
UACGAGAGGA,0
CGCGAAAGCG,1
UGCGUGAGCC,1
GGGGGAACCC,0
GGCGAAAGCC,1
CCGGCAACGG,1
ACCGGAAGGU,1
UGCAAGAGCA,0
AGGGAAACCG,1
GGUGCAAGCC,1
GGGGGAACCC,0
UGAAACAUCU,0
CCCUUCGGGG,0
UCCUACGGGA,0
CCCUCCAGGG,0
AACUUCGGGA,0
AAUGAAGGUG,1
GCCGCAAGGC,1
GGCGAAGGCA,1
GCGUUCGCGC,0
AGGAUUACCC,0
UCCUACGGGA,0
GCCGCGAGGC,1
AGAGAAAUCG,0
GCCGAAAGGC,1
GGUGCAAGCC,1
GCCGUGAGGU,1
GCCGUGAGGU,1
UGCAAGAGCA,0
ACGGUAACGU,1
GCUGUGAGGC,1
GCCGUGAGGU,1
CACGAAAGUG,1
CGCGAAAGCG,1
UCUUCAAGGG,0
GGGGAAACCC,0
GGGGAAACUC,1
AGAGAAAUCG,0
UUCGAGAGAG,0
ACUAACCAGG,0
GGCGAAGGCA,1
GAAAAGAUAU,0
GGUUAAGUCC,0
ACUUAAUUGA,0
UAUUGAGGUA,0
CACGAAAGUG,1
CCCGCGAGGG,1
UUUACCAAAA,0
GCCGAAAGGC,1
CCCGCGAGGG,1
CCGGCAACGG,1
UACGAGAGGA,0
AGUGUGAACG,1
CCCGCAAGGG,1
UCCGCAAGGA,1
CCCGCGAGGG,1
CGCGAAAGCU,1
AGCAGCCGCG,1
CGCGAAAGCG,1
GGUUAAGUCC,0
UCCUACGGGA,0
GUCUUCGGAC,0
GUCGUGAGAC,1
CCCGGGAGGG,1
CCGGCAACGG,1
UGCGAAAGCA,1
GGGUGAGACC,0
UGCAAGAGCA,0
GGUGAAAGCC,1
CGGUGAAAUG,0
ACCGGAAGGU,1
UCUGAGAGGA,1
ACCGUAAGGU,1
UCCUACGGGA,0
CUCGUAAGAG,1
GGCGAAGGCA,1
CCCGCGAGGG,1
UGUCGAAGCA,0
AGAGAAAUCG,0
AUGUCUUCGG,0
UCUGAGAGGA,1
GGUUAAGUCC,0
UCUGAGAGGA,1
GGCGCAAGCC,1
GUCGUGAGAC,1
CCCCUUGGGG,0
GCCGCAAGGU,1
AGCUAACGCG,1
GGGGAAACUC,1
UCUGAGAGGA,1
GUCGUGAGAC,1
UACGAGAGGA,0
GGCUUCGGCC,0
UUUACCAAAA,0
UAAACGAUAA,0
GCCGAACGGC,1
CCCUCACGGG,1
CUCGCAAGAG,1
GGCGAAAGCC,1
UACGAGAGGA,0
GGCGCAAGCC,1
CCUUCGCGGG,1
ACCGUGAGGG,1
GCCGCGAGGC,1
CCCUCCAGGG,0
ACCGUGAGGG,1
GCGUAAUAGC,0
UGAAACAUCU,0
CACGAAAGUG,1
AUCAACCGAG,0
GAGGAAACUC,1
UACGAGAGGA,0
UCUGAGAGGA,1
CUCGGAUGGG,0
GCCGAAAGGC,1
UCAGAGAUGA,1
CACGAAAGUG,1
GCGGGAACGC,0
CCCGCGAGGG,1
CUGGAAACGG,1
GCCGCGAGGC,1
CGGUGAAAUG,0
CCGGCAACGG,1
GUUGUGAAAU,1
CGUACCAACG,0
UACGAGAGGA,0
GGCGAGAGCU,1
GGUGCAAGCU,1
GUCGUGAGAC,1
GCCGAAAGGC,1
GGUGCAAGCC,1
GGUUAAGUCC,0
GCAGCGAUGC,1
GUCGUGAGAC,1
ACCGUGAGGG,1
GUUGUGAAAU,1
UACGAGAGGA,0
CUCGGAUGGG,0
ACCGUGAGGG,1
AACUUCGGGA,0
GCCGAAAGGC,1
GCGUAACAGC,0
UCCUACGGGA,0
GGGGAAACCC,0
GCCGAAAGGC,1
CGUGAAAGCG,1
GCGGGAACGC,0
CAUGCCAAUG,0
GGCGCAAGCC,1
AGCUAACGCG,1
ACCGUAAGGG,1
GCCGCGAGGC,1
GCCGCGAGGC,1
CCCUCCAGGG,0
CCCGGGAGGG,1
GGUGAAAGCC,1
UCCUACGGGA,0
UUUACCAAAA,0
CCCGGGAGGG,1
GGUGCAAGCU,1
CCCGCGAGGG,1
AACUUCGGGA,0
UGGGUGACCA,1
CUUGAAAAAG,1
GCGGGAACGC,0
ACUUUAGGGU,0
CCCGCGAGGG,1
ACCGGAAGGU,1
UACGAGAGGA,0
AGAUCGCACU,0
CCCGGGAGGG,1
GCCGCAAGGC,1
AACUUCGGGA,0
CACGAAAGUG,1
AGGGGAACCU,1
GGCGAAAGCC,1
CACGAAAGUG,1
GGUGCAAGCC,1
GUCGAAAGAC,1
UGUCAAUGCA,0
CCCUUCGGGG,0
GCCUUCGGGU,0
GGGGAAACCC,0
GGGGAAACCC,0
CUCGUAAGAG,1
CGGUGAAAUG,0
GCCUUCGGGU,0
GGUUAAGUCC,0
GCCGUGAGGU,1
ACCGGAAGGU,1
ACCGGAAGGA,1
GCGUAAUAGC,0
AACUUCGGGA,0
GAAGAAAUUC,1
GCUGUGAGGC,1
UUUACCAAAA,0
ACCGUGAGGG,1
GGGAAGCUCC,1
UCCGCAAGGA,1
AGGGAAACCG,1
UGCAAGAGCA,0
GGUGAAAGCC,1
GGCGAAAGCC,1
UACGAGAGGA,0
UCCUACGGGA,0
GGCGCAAGCC,1
GGCGAGCGCC,1
GGGUGAGACC,0
UGUCAAUGCA,0
UACGAGAGGA,0
GGUUAAGUCC,0
GUCGUGAGAC,1
AACUUCGGGA,0
GGCGAGAGCU,1
ACCGGAAGGA,1
UCUGAGAGGA,1
AUAGCAAUGU,1
ACCGUAAGGG,1
CCCCUUGGGG,0
GGAGGAAUCC,1
AGUGUGAACG,1
UUUACCAAAA,0
GUCGUGAGAC,1
CGUGACGGCG,1
CUCGUAAGAG,1
UGAAACAUCU,0
CCCCUUGGGG,0
CGCGAAAGCG,1
UAAAGAGUAA,0
AACUUCGGGA,0
GACGAAAGUC,1
GGGGAAACUC,1
UCUGAGAGGA,1
AAUGAAAGUG,1
GGGGGAACCC,0
CGGUGAAAUG,0
ACCGUGAGGG,1
GCCGCAAGGC,1
AGCUAACGCG,1
GUCGUGAGAC,1
GGUGCAAGCC,1
CCGGCAACGG,1
CCCUCCAGGG,0
UUAAGCAUAU,0
CUCGUAAGAG,1
ACCGUGAGGG,1
CCCGGGAGGG,1
ACUUUAGGGU,0
ACCGUGAGGG,1
UAAGAGGUUC,1
CCCGCGAGGG,1
GUUGCAAAGC,1
GCCUACGGGC,0
CGGUGAAAUG,0
AGCUAACGCG,1
GCCGUGAGGU,1
UUUACCAAAA,0
CGCGAAAGCG,1
GGGUGAGACC,0
GGGGGAACCC,0
AACUUCGGGA,0
GGCGAAAGCC,1
GUCGUGAGAC,1
AGAGAAAUCG,0
UAAAAGGUAA,0
UCUAAUUAAA,0
UACGAGAGGA,0
AGAGAAAUCG,0
GCGUAACAGC,0
GCCGUGAGGU,1
GUCGUGAGAC,1
GAGGAAACUC,1
CUCGCGAGAG,1
UCCCUCAGGA,0
GUUGUGAAAU,1
AGGGAAACCG,1
GGGGGAACCC,0
CGUACCAACG,0
GAUUAGGGUU,1
GUCGUGAGAC,1
GGGGAAACCC,0
UACGAGAGGA,0
ACCUUCGGGA,0
CCCGCGAGGG,1
AACUUCGGGA,0
ACCGUAAGGU,1
GGCGAAAGCC,1
UGAAACAUCU,0
CGGUGAAAUG,0
CGGGAGAUCG,1
CCCUCCAGGG,0
GCCGUGAGGU,1
CUCGGAUGGG,0
GGCUUCGGCC,0
AUCAACCGAG,0
UUUGAAGAGA,1
GGUUAAGUCC,0
ACCUUCGGGA,0
UCCGCAAGGA,1
CCCGCGAGGG,1
CCGGCAACGG,1
AGCAGCCGCG,1
AGCUAACGCG,1
GUUGUGAAAU,1
GGCGAAAGCC,1
CACGAAAGUG,1
AACUUCGGGA,0
CCGGCAACGG,1
GAAGAAAUUC,1
GGUUAAGUCC,0
UAAAAGGUAA,0
ACCGUGAGGG,1
UGAAACAUCU,0
UGCGAAAGCU,1
UGCGUGAGCC,1
UUUAUUAAAA,0
CCCGGGAGGG,1
GGGGGAACCC,0
GUCGUGAGAC,1
GCCGAACGGC,1
AUCAACCGAG,0
AAUGAAAGUG,1
GUGUAAAAAU,0
CCCGGGAGGG,1
CGCGAAAGCG,1
UAAAGAGUAA,0
CCCGCGAGGG,1
UCUGAGAGGA,1
CCCGGGAGGG,1
AUGUCUUCGG,0
ACCGUGAGGG,1
AGGGAAACCG,1
GCCGCAAGGC,1
GGUUAAGUCC,0
UUUACCAAAA,0
GAGGAAACUC,1
GGUGAAAGCC,1
CACUACGGUG,0
GGCGAAAGCC,1
ACCGUGAGGG,1
GCCGAAAGGU,1
CCGGCAACGG,1
GGCGCAAGCC,1
CGCGAAAGCG,1
GGUGAAAGCC,1
AGCUAACGCG,1
GUCGUGAGAC,1
GCCGCAAGGU,1
GCCUUCGGGU,0
GCCUUCGGGC,0
ACCGUGAGGG,1
CGAGCGGUCG,1
AGCGUGAGCG,1
UGAAACAUCU,0
CCCCUUGGGG,0
GUGGUAAUGC,1
GGCGCAAGCC,1
CGUACCAACG,0
CCCUCCAGGG,0
GGGUAACACU,0
GGUUAAGUCC,0
GGUGAAAGCC,1
GGUGCAAGCU,1
GGUUAAGUCC,0
CGGGAAACCG,1
GGGGAAACUC,1
GGUUAAGUCC,0
CACGAAAGUG,1
GCCGCGAGGC,1
CCCGCAAGGG,1
GCCUACGGGC,0
UCUUCAAGGG,0
ACUGACACGU,1
GCCUUCGGGU,0
ACCGGAAGGU,1
UGCAAGAGCA,0
GUCGUGAGAC,1
ACUUUAGGGU,0
ACUUUAGGGU,0
GGGUAACACU,0
